"","geo_value","time_value","visits","admits","chngVisits","covidChngVisits","gsymptoms","cases"
"2","06001",2020-07-31,5.691242,1.525183,10.40844,1.284386,0.265714285714286,0
"7","06013",2020-07-31,4.639485,4.653213,10.026856,0.889957,0.327142857142857,93
"9","06019",2020-07-31,7.847492,8.849635,10.386455,1.037977,0.634285714285714,127
"12","06029",2020-07-31,5.255216,11.114657,8.823885,1.854336,0.722857142857143,924
"15","06037",2020-07-31,7.058677,6.276459,7.270688,0.564881,0.35,2609
"23","06059",2020-07-31,6.016749,6.092009,5.406297,0.5282,0.33,418
"25","06065",2020-07-31,3.797856,7.732632,5.724054,0.713925,0.487142857142857,382
"26","06067",2020-07-31,2.833722,7.376786,3.688778,0.41449,0.44,156
"28","06071",2020-07-31,4.30552,7.416926,6.108382,0.713311,0.508571428571429,542
"29","06073",2020-07-31,3.846372,2.446998,2.37519,0.289656,0.321428571428571,380
"30","06075",2020-07-31,7.27795,2.342269,17.810209,0.259278,0.254285714285714,152
"31","06077",2020-07-31,5.223771,5.628954,6.846593,1.172301,0.334285714285714,141
"33","06081",2020-07-31,4.432259,4.476304,6.501291,0.243536,0.2,71
"35","06085",2020-07-31,4.071594,0.990277,6.418951,0.506744,0.284285714285714,182
"44","06111",2020-07-31,3.86606,5.393538,5.778278,0.214768,0.262857142857143,241
"47","06001",2020-07-29,6.468668,1.332406,9.182914,1.200454,0.282857142857143,140
"52","06013",2020-07-29,5.443487,5.313282,9.71784,0.883475,0.354285714285714,410
"54","06019",2020-07-29,9.060977,7.450957,10.476325,1.208136,0.657142857142857,597
"57","06029",2020-07-29,6.23211,11.525598,8.851734,1.814204,0.76,448
"60","06037",2020-07-29,9.191478,6.813106,7.477307,0.598333,0.357142857142857,4741
"68","06059",2020-07-29,8.264278,6.409349,5.137477,0.592963,0.34,439
"70","06065",2020-07-29,4.826424,9.986032,5.43831,0.729908,0.524285714285714,249
"71","06067",2020-07-29,3.219192,7.155232,3.467099,0.412217,0.455714285714286,96
"73","06071",2020-07-29,4.675655,7.378432,5.523173,0.717769,0.535714285714286,2347
"74","06073",2020-07-29,4.827721,2.962732,2.445475,0.310614,0.328571428571429,282
"75","06075",2020-07-29,7.731378,2.683549,18.164035,0.300768,0.258571428571429,132
"76","06077",2020-07-29,5.520477,5.045797,7.386037,1.155854,0.364285714285714,286
"78","06081",2020-07-29,4.388327,2.84128,5.032707,0.373507,0.232857142857143,108
"80","06085",2020-07-29,5.388848,1.109788,6.001093,0.562268,0.288571428571429,253
"89","06111",2020-07-29,4.573977,4.986917,5.887316,0.151193,0.271428571428571,104
"93","06001",2020-07-30,5.902294,1.369901,9.809751,1.280593,0.282857142857143,358
"98","06013",2020-07-30,5.173582,5.045024,9.842487,0.891349,0.337142857142857,-137
"100","06019",2020-07-30,8.21597,8.138497,10.783286,1.085008,0.66,379
"103","06029",2020-07-30,6.029383,11.565535,8.982563,1.778723,0.748571428571429,1067
"106","06037",2020-07-30,8.032071,6.32308,7.365427,0.571564,0.351428571428571,2489
"114","06059",2020-07-30,7.003064,6.304923,5.318095,0.56794,0.33,506
"116","06065",2020-07-30,4.134125,9.232577,5.479166,0.698518,0.512857142857143,470
"117","06067",2020-07-30,3.000389,7.223634,3.368389,0.428474,0.447142857142857,150
"119","06071",2020-07-30,4.250491,7.631346,5.728006,0.730248,0.517142857142857,-621
"120","06073",2020-07-30,4.303988,2.690115,2.446332,0.304159,0.325714285714286,381
"121","06075",2020-07-30,7.456273,2.503428,17.755959,0.278772,0.248571428571429,226
"122","06077",2020-07-30,5.233522,5.470628,7.139249,1.135538,0.364285714285714,133
"124","06081",2020-07-30,4.460639,3.691624,6.081863,0.289532,0.208571428571429,92
"126","06085",2020-07-30,4.451721,1.076364,6.330518,0.50895,0.282857142857143,119
"134","06111",2020-07-30,4.596027,5.178239,5.884768,0.282815,0.277142857142857,106
"137","06001",2020-07-28,6.893794,1.365953,9.034069,1.142882,0.297142857142857,195
"142","06013",2020-07-28,5.793895,5.435223,9.204716,0.77595,0.355714285714286,231
"144","06019",2020-07-28,9.369235,6.710412,10.114458,1.235289,0.654285714285714,127
"147","06029",2020-07-28,6.378685,11.495446,8.674554,1.657973,0.768571428571429,1893
"150","06037",2020-07-28,10.658664,7.024813,7.517309,0.585111,0.367142857142857,2614
"158","06059",2020-07-28,9.777587,6.622233,5.096295,0.639296,0.347142857142857,187
"160","06065",2020-07-28,5.682047,10.551738,4.730811,0.670077,0.531428571428571,723
"161","06067",2020-07-28,3.471151,6.76089,3.553103,0.411642,0.487142857142857,400
"163","06071",2020-07-28,4.855575,7.161336,5.189112,0.722893,0.524285714285714,831
"164","06073",2020-07-28,5.207508,3.29999,2.490522,0.355684,0.334285714285714,498
"165","06075",2020-07-28,8.219783,2.909002,18.597588,0.280432,0.274285714285714,43
"166","06077",2020-07-28,6.248134,4.755185,7.369596,1.263537,0.347142857142857,248
"168","06081",2020-07-28,4.83843,2.064593,4.355679,0.532782,0.231428571428571,74
"170","06085",2020-07-28,5.968047,1.161817,5.475954,0.492336,0.304285714285714,144
"178","06111",2020-07-28,4.743372,4.853377,6.140626,0.231078,0.275714285714286,63
"181","06001",2020-07-27,7.258002,1.488716,9.043954,1.118562,0.288571428571429,68
"186","06013",2020-07-27,6.244086,5.620401,9.387994,0.880112,0.345714285714286,140
"188","06019",2020-07-27,9.138434,6.22889,10.282651,0.988392,0.662857142857143,645
"191","06029",2020-07-27,7.120835,10.555003,8.754437,1.525587,0.784285714285714,442
"193","06037",2020-07-27,12.340947,6.757033,7.615196,0.608631,0.372857142857143,2033
"201","06059",2020-07-27,11.418066,6.602382,5.589967,0.741651,0.351428571428571,273
"203","06065",2020-07-27,6.245012,10.198482,4.771583,0.661546,0.531428571428571,1720
"204","06067",2020-07-27,3.71665,6.506696,3.823343,0.502597,0.497142857142857,115
"206","06071",2020-07-27,4.995941,6.936359,4.89784,0.814996,0.522857142857143,1139
"207","06073",2020-07-27,5.682584,3.621303,2.473595,0.362572,0.34,523
"208","06075",2020-07-27,8.392603,3.12227,20.254771,0.292916,0.238571428571429,90
"209","06077",2020-07-27,7.351553,4.589562,7.413016,1.212372,0.354285714285714,549
"211","06081",2020-07-27,5.551987,1.410891,3.791502,0.705581,0.25,102
"213","06085",2020-07-27,6.543394,1.218743,5.808148,0.546943,0.297142857142857,174
"221","06111",2020-07-27,4.459119,4.654748,6.407618,0.283719,0.278571428571429,438
"224","06001",2020-07-26,5.648977,1.579173,9.228625,1.042678,0.295714285714286,40
"229","06013",2020-07-26,4.710493,5.688741,9.486876,0.869226,0.377142857142857,163
"231","06019",2020-07-26,8.437078,5.884989,10.595623,1.005673,0.678571428571429,0
"234","06029",2020-07-26,6.45963,10.426537,9.008694,1.529149,0.822857142857143,369
"236","06037",2020-07-26,9.173711,6.599089,7.610592,0.627235,0.387142857142857,1670
"244","06059",2020-07-26,8.066666,7.143885,5.612437,0.757941,0.36,420
"246","06065",2020-07-26,5.086234,10.03937,5.205863,0.663244,0.547142857142857,0
"247","06067",2020-07-26,3.453269,6.114206,3.877306,0.460939,0.508571428571429,267
"249","06071",2020-07-26,3.069252,6.825557,5.035348,0.845618,0.545714285714286,437
"250","06073",2020-07-26,4.602765,3.829249,2.55692,0.371363,0.36,283
"251","06075",2020-07-26,7.713818,3.359981,17.849376,0.277846,0.238571428571429,145
"252","06077",2020-07-26,8.126497,4.860826,7.667631,1.22134,0.368571428571429,0
"254","06081",2020-07-26,5.314228,0.965917,3.876789,0.779262,0.241428571428571,0
"256","06085",2020-07-26,5.337128,1.250173,5.667361,0.540055,0.301428571428571,208
"264","06111",2020-07-26,4.192164,4.353217,6.31186,0.296452,0.301428571428571,0
"267","06001",2020-07-25,5.896551,1.688461,9.647005,0.999439,0.337142857142857,116
"272","06013",2020-07-25,4.73043,5.653753,9.812068,0.813612,0.408571428571429,143
"274","06019",2020-07-25,8.256719,5.640713,10.917669,0.999396,0.707142857142857,416
"277","06029",2020-07-25,5.981439,10.676777,9.20033,1.567275,0.841428571428571,832
"280","06037",2020-07-25,7.567127,6.91662,7.935345,0.658049,0.405714285714286,3568
"288","06059",2020-07-25,5.657323,7.526617,5.672936,0.778588,0.392857142857143,595
"290","06065",2020-07-25,3.382664,9.724681,5.565368,0.690599,0.581428571428572,0
"291","06067",2020-07-25,3.305304,5.684097,3.983689,0.441182,0.538571428571429,82
"293","06071",2020-07-25,2.911254,7.291963,5.296208,0.872081,0.564285714285714,759
"294","06073",2020-07-25,4.266117,4.054698,2.638638,0.385128,0.375714285714286,603
"295","06075",2020-07-25,7.214058,3.665047,16.902221,0.288039,0.241428571428571,108
"298","06081",2020-07-25,5.504173,0.561643,3.926273,0.832826,0.28,65
"300","06085",2020-07-25,4.430027,1.288082,5.698356,0.568027,0.321428571428571,114
"308","06111",2020-07-25,4.245787,4.107317,6.1223,0.311673,0.307142857142857,0
"312","06001",2020-07-24,6.415551,1.868989,10.030672,0.899522,0.337142857142857,345
"317","06013",2020-07-24,5.086912,5.439644,10.12877,0.789818,0.414285714285714,202
"319","06019",2020-07-24,8.431331,5.592903,10.504803,1.001895,0.695714285714286,392
"322","06029",2020-07-24,6.218125,11.362344,9.318933,1.672632,0.805714285714286,1037
"325","06037",2020-07-24,8.353599,7.261917,8.187571,0.684009,0.412857142857143,1909
"333","06059",2020-07-24,6.918484,7.460589,5.938643,0.853306,0.407142857142857,710
"335","06065",2020-07-24,4.065367,9.434835,5.907174,0.639667,0.581428571428572,654
"336","06067",2020-07-24,3.366442,5.474215,4.107465,0.497901,0.535714285714286,307
"338","06071",2020-07-24,3.294223,8.024962,5.445926,0.934368,0.57,611
"339","06073",2020-07-24,4.854194,4.393828,2.731102,0.379257,0.38,490
"340","06075",2020-07-24,7.041309,4.076072,16.577544,0.264679,0.252857142857143,115
"343","06081",2020-07-24,6.126397,0.424625,3.645736,0.908885,0.267142857142857,72
"345","06085",2020-07-24,4.795851,1.277747,5.937505,0.660979,0.321428571428571,186
"353","06111",2020-07-24,4.587273,4.053364,6.365755,0.368877,0.32,236
"357","06001",2020-07-20,8.912718,2.01203,9.827634,0.712483,0.347142857142857,19
"362","06013",2020-07-20,7.465549,3.741497,11.664363,0.896815,0.401428571428572,125
"364","06019",2020-07-20,9.196357,6.927457,12.593037,1.133636,0.762857142857143,685
"367","06029",2020-07-20,8.522668,14.457614,8.981624,1.837775,1.02571428571429,787
"370","06037",2020-07-20,13.463821,6.831289,7.454573,0.665821,0.46,3158
"378","06059",2020-07-20,12.986356,5.4611,6.295315,0.930595,0.494285714285714,560
"380","06065",2020-07-20,7.506063,7.505117,6.528587,0.682934,0.66,1288
"381","06067",2020-07-20,4.502806,4.496323,3.760212,0.527223,0.517142857142857,391
"383","06071",2020-07-20,5.507983,9.920468,5.162798,0.908486,0.641428571428571,327
"384","06073",2020-07-20,7.093692,6.247029,2.931761,0.487233,0.41,453
"385","06075",2020-07-20,8.259502,5.004306,18.591441,0.241611,0.267142857142857,103
"388","06081",2020-07-20,8.072276,0.205552,5.821609,0.347558,0.311428571428571,86
"390","06085",2020-07-20,6.809983,1.366689,5.896777,0.876449,0.312857142857143,339
"398","06111",2020-07-20,4.284811,3.624717,6.847193,0.610218,0.325714285714286,224
"402","06001",2020-07-21,8.225585,1.952356,9.148561,0.712971,0.331428571428571,127
"407","06013",2020-07-21,6.926489,4.234397,10.862497,0.901186,0.397142857142857,200
"409","06019",2020-07-21,8.652567,6.759214,11.241525,1.132397,0.731428571428571,331
"412","06029",2020-07-21,8.338238,13.804416,8.792177,1.818187,0.995714285714286,834
"415","06037",2020-07-21,12.26037,7.324928,7.638449,0.62122,0.442857142857143,2628
"423","06059",2020-07-21,11.38705,6.144161,6.228479,0.913919,0.455714285714286,990
"425","06065",2020-07-21,6.598314,7.869777,6.266994,0.678524,0.627142857142857,907
"426","06067",2020-07-21,4.018935,4.654403,3.647073,0.496369,0.515714285714286,360
"428","06071",2020-07-21,4.948691,9.818453,5.348745,0.83584,0.62,968
"429","06073",2020-07-21,6.468823,6.071537,2.811678,0.472235,0.404285714285714,385
"430","06075",2020-07-21,8.125314,5.07623,17.872222,0.311223,0.252857142857143,58
"433","06081",2020-07-21,7.90837,0.26703,4.318932,0.943629,0.322857142857143,123
"435","06085",2020-07-21,6.269672,1.342139,6.039298,0.830783,0.315714285714286,251
"443","06111",2020-07-21,4.304501,3.884567,6.704746,0.503252,0.325714285714286,763
"447","06001",2020-07-22,7.543967,1.964488,9.4782,0.705671,0.348571428571429,260
"452","06013",2020-07-22,6.141283,4.618482,10.960557,0.892832,0.394285714285714,271
"454","06019",2020-07-22,8.446511,6.513204,10.877334,1.033592,0.712857142857143,442
"457","06029",2020-07-22,7.501637,13.404896,8.620762,1.845384,0.937142857142857,1120
"460","06037",2020-07-22,11.349742,7.382432,8.232939,0.622854,0.437142857142857,3197
"468","06059",2020-07-22,9.866963,6.739275,5.902382,0.946294,0.434285714285714,767
"470","06065",2020-07-22,5.609916,8.248387,6.256152,0.637464,0.621428571428571,1092
"471","06067",2020-07-22,3.919038,4.812516,4.020586,0.533354,0.537142857142857,285
"473","06071",2020-07-22,4.464724,9.215145,5.513389,0.90668,0.598571428571429,708
"474","06073",2020-07-22,5.954779,5.613061,2.798125,0.418779,0.392857142857143,587
"475","06075",2020-07-22,7.785455,5.010493,17.733697,0.329887,0.281428571428571,96
"478","06081",2020-07-22,7.231703,0.333555,3.726814,1.277487,0.302857142857143,102
"480","06085",2020-07-22,5.76621,1.297804,6.09206,0.766623,0.315714285714286,275
"489","06111",2020-07-22,4.527656,3.991877,6.366277,0.403962,0.34,94
"493","06001",2020-07-23,6.927879,1.904227,9.505636,0.817036,0.335714285714286,226
"498","06013",2020-07-23,5.681537,4.822896,10.56942,0.822944,0.411428571428571,223
"500","06019",2020-07-23,8.068975,6.157191,10.30588,0.999181,0.684285714285714,344
"503","06029",2020-07-23,6.758272,12.821592,9.03004,1.707764,0.87,1135
"506","06037",2020-07-23,10.01417,7.307117,8.227543,0.655583,0.425714285714286,1978
"514","06059",2020-07-23,8.293032,7.162766,6.019093,0.900848,0.425714285714286,905
"516","06065",2020-07-23,4.643614,8.70654,6.030976,0.607574,0.59,831
"517","06067",2020-07-23,3.736131,5.058897,3.81018,0.515413,0.531428571428571,276
"519","06071",2020-07-23,3.833369,8.664164,5.486374,0.911438,0.594285714285714,410
"520","06073",2020-07-23,5.389222,4.995164,2.839221,0.391296,0.385714285714286,501
"521","06075",2020-07-23,7.329676,4.566481,17.610827,0.298132,0.258571428571429,105
"524","06081",2020-07-23,6.650664,0.384414,3.62267,1.084467,0.29,109
"526","06085",2020-07-23,5.308877,1.296443,6.326326,0.69613,0.327142857142857,212
"535","06111",2020-07-23,4.853634,4.074488,6.049691,0.439529,0.314285714285714,107
"539","06001",2020-07-19,7.088066,1.994254,9.73143,0.713268,0.35,127
"544","06013",2020-07-19,4.996241,3.31244,11.921638,0.874328,0.381428571428571,68
"546","06019",2020-07-19,8.905313,6.884345,12.833149,1.052016,0.748571428571429,0
"549","06029",2020-07-19,7.799995,15.291268,9.258429,1.884609,1.02857142857143,719
"552","06037",2020-07-19,9.040738,6.632604,7.517114,0.689043,0.468571428571429,2846
"560","06059",2020-07-19,8.335114,5.182242,6.283282,0.939129,0.512857142857143,415
"562","06065",2020-07-19,6.459583,7.308026,6.922541,0.699688,0.674285714285714,0
"563","06067",2020-07-19,3.100893,4.230557,3.603913,0.498227,0.504285714285714,242
"565","06071",2020-07-19,4.314983,9.592955,5.392371,0.914519,0.645714285714286,206
"566","06073",2020-07-19,5.520244,6.165177,3.060201,0.489871,0.408571428571429,568
"567","06075",2020-07-19,7.930004,4.806777,18.090068,0.249339,0.278571428571429,86
"570","06081",2020-07-19,5.040871,0.20586,5.714077,0.394675,0.334285714285714,0
"572","06085",2020-07-19,5.386129,1.266344,5.587633,0.746726,0.307142857142857,156
"580","06111",2020-07-19,4.096794,3.723387,6.986327,0.591053,0.317142857142857,0
"584","06001",2020-07-18,5.280125,2.063472,10.315715,0.715804,0.324285714285714,252
"589","06013",2020-07-18,4.863564,3.063184,12.417669,0.869532,0.375714285714286,160
"591","06019",2020-07-18,8.731546,6.567814,12.905212,1.006973,0.73,389
"594","06029",2020-07-18,7.460133,16.252717,9.521088,1.958483,1.04428571428571,495
"597","06037",2020-07-18,5.991062,6.314365,7.764846,0.720544,0.47,2722
"605","06059",2020-07-18,5.725187,5.339638,6.25922,0.964972,0.528571428571429,702
"607","06065",2020-07-18,5.080003,7.192951,7.321482,0.737705,0.685714285714286,0
"608","06067",2020-07-18,2.817446,3.794563,3.574484,0.487567,0.478571428571429,182
"610","06071",2020-07-18,4.142834,9.191251,5.684868,0.952093,0.655714285714286,2098
"611","06073",2020-07-18,4.139921,5.711088,3.158133,0.488353,0.41,625
"612","06075",2020-07-18,7.796451,4.506179,17.905173,0.268332,0.287142857142857,141
"615","06081",2020-07-18,4.632868,0.205095,5.671686,0.442129,0.311428571428571,62
"617","06085",2020-07-18,4.242966,1.119682,5.492071,0.593974,0.298571428571429,169
"625","06111",2020-07-18,4.078854,4.091362,7.120431,0.561811,0.317142857142857,0
"629","06001",2020-07-17,5.668587,2.373319,10.776635,0.702836,0.332857142857143,231
"634","06013",2020-07-17,5.050543,2.887389,12.953247,0.868287,0.36,145
"636","06019",2020-07-17,9.110886,6.132775,13.371446,1.110742,0.768571428571429,441
"639","06029",2020-07-17,7.467435,16.753674,10.115153,1.9942,1.11428571428571,159
"642","06037",2020-07-17,6.477396,6.242835,7.943976,0.704649,0.482857142857143,2851
"650","06059",2020-07-17,6.64378,5.402474,6.349527,0.99825,0.552857142857143,405
"652","06065",2020-07-17,5.586693,7.027875,7.708286,0.798054,0.691428571428571,518
"653","06067",2020-07-17,2.777032,3.353985,3.557584,0.491915,0.481428571428571,116
"655","06071",2020-07-17,4.238499,8.960088,5.809157,1.000376,0.674285714285714,0
"656","06073",2020-07-17,4.541797,5.249318,3.219595,0.479936,0.412857142857143,634
"657","06075",2020-07-17,8.116061,4.126907,18.029679,0.294437,0.274285714285714,115
"660","06081",2020-07-17,4.709488,0.202094,5.765868,0.484359,0.325714285714286,70
"662","06085",2020-07-17,4.213704,0.898489,5.537181,0.608324,0.287142857142857,85
"671","06111",2020-07-17,4.61568,4.281771,7.33892,0.59666,0.302857142857143,0
"675","06001",2020-07-16,6.415887,2.607183,10.313539,0.757515,0.331428571428571,149
"680","06013",2020-07-16,5.561248,2.691735,13.126395,0.790983,0.364285714285714,93
"682","06019",2020-07-16,9.510028,5.507077,14.312345,1.166159,0.772857142857143,183
"685","06029",2020-07-16,8.387828,17.035767,10.464377,2.019538,1.08571428571429,153
"688","06037",2020-07-16,7.275555,5.986131,7.985278,0.740217,0.494285714285714,4459
"696","06059",2020-07-16,7.716543,5.184404,6.49028,1.022102,0.577142857142857,873
"698","06065",2020-07-16,6.182415,7.361902,7.751377,0.816581,0.724285714285714,806
"699","06067",2020-07-16,2.868107,3.090309,3.581203,0.482787,0.488571428571429,221
"701","06071",2020-07-16,4.435381,8.172572,5.813353,0.979639,0.7,0
"702","06073",2020-07-16,5.024281,4.855717,3.385956,0.527483,0.424285714285714,409
"703","06075",2020-07-16,8.327701,3.675641,17.619641,0.295063,0.254285714285714,164
"706","06081",2020-07-16,4.745945,0.196767,5.301823,0.517625,0.311428571428571,79
"708","06085",2020-07-16,4.654442,0.708238,5.536375,0.571113,0.275714285714286,95
"717","06111",2020-07-16,4.422519,4.702581,7.48336,0.63709,0.317142857142857,349
"720","06001",2020-07-15,7.158992,2.809884,10.805565,0.856907,0.324285714285714,157
"725","06013",2020-07-15,5.706164,2.664117,12.680184,0.74607,0.365714285714286,117
"727","06019",2020-07-15,9.312225,4.704931,14.410925,1.121808,0.775714285714286,185
"731","06029",2020-07-15,8.300993,16.764629,10.107909,1.8991,1.08285714285714,162
"734","06037",2020-07-15,7.780273,5.714111,8.41526,0.791443,0.508571428571429,2702
"742","06059",2020-07-15,9.187541,5.140082,6.822843,1.086934,0.607142857142857,911
"744","06065",2020-07-15,6.929529,7.733693,7.771712,0.884756,0.735714285714286,890
"745","06067",2020-07-15,2.976298,2.959283,3.545237,0.47375,0.475714285714286,236
"747","06071",2020-07-15,5.030343,7.263099,6.016037,0.94396,0.722857142857143,1012
"748","06073",2020-07-15,5.508184,4.972693,3.537786,0.599189,0.444285714285714,559
"749","06075",2020-07-15,8.985152,3.121641,17.591813,0.328282,0.251428571428571,56
"752","06081",2020-07-15,5.114934,0.190497,4.89441,0.518968,0.291428571428571,86
"754","06085",2020-07-15,5.154702,0.469381,5.500411,0.507453,0.285714285714286,226
"763","06111",2020-07-15,4.667745,5.388528,9.653273,0.536926,0.327142857142857,0
"766","06001",2020-07-14,7.739685,3.129669,10.374203,0.884009,0.335714285714286,345
"771","06013",2020-07-14,6.193235,2.800084,12.603521,0.866065,0.375714285714286,171
"773","06019",2020-07-14,10.194144,4.110289,14.080871,1.171906,0.768571428571429,474
"776","06029",2020-07-14,9.030824,17.994796,9.980358,1.791391,1.06285714285714,257
"778","06037",2020-07-14,8.954601,5.985051,8.51365,0.76878,0.52,4178
"786","06059",2020-07-14,10.769304,5.511004,7.001427,1.135344,0.631428571428571,865
"788","06065",2020-07-14,7.820702,7.526381,7.455514,0.883439,0.76,733
"789","06067",2020-07-14,3.001407,2.858692,3.48144,0.512076,0.475714285714286,224
"791","06071",2020-07-14,5.294803,6.266598,5.874148,0.900591,0.748571428571429,954
"792","06073",2020-07-14,5.98813,5.04036,3.799796,0.632186,0.448571428571429,539
"793","06075",2020-07-14,9.151312,2.571495,18.034469,0.366286,0.262857142857143,50
"796","06081",2020-07-14,5.546158,0.196888,4.218402,0.54373,0.285714285714286,123
"798","06085",2020-07-14,5.655686,0.197883,4.663999,0.461898,0.287142857142857,183
"807","06111",2020-07-14,4.391184,6.033752,9.307433,0.562001,0.358571428571429,373
"810","06001",2020-07-13,8.167668,3.32319,9.750898,0.939882,0.324285714285714,251
"815","06013",2020-07-13,6.709497,3.166845,12.294138,0.964805,0.382857142857143,191
"817","06019",2020-07-13,10.741671,3.349272,14.648426,1.13088,0.764285714285714,0
"820","06029",2020-07-13,8.691784,18.038085,9.82531,1.658262,1.08428571428571,0
"822","06037",2020-07-13,10.165418,6.1162,8.659018,0.784911,0.518571428571429,2580
"830","06059",2020-07-13,12.807893,6.129736,7.567312,1.201352,0.644285714285714,540
"832","06065",2020-07-13,8.936925,6.81532,7.624967,1.008506,0.762857142857143,983
"833","06067",2020-07-13,3.17793,2.894813,3.550339,0.491563,0.458571428571429,225
"835","06071",2020-07-13,5.506329,5.493702,5.720437,1.013113,0.745714285714286,459
"836","06073",2020-07-13,6.675545,5.151525,4.108868,0.638991,0.451428571428571,419
"837","06075",2020-07-13,9.543912,2.053732,19.486417,0.335466,0.278571428571429,68
"838","06077",2020-07-13,8.760969,7.413042,7.562374,1.464229,0.392857142857143,709
"840","06081",2020-07-13,5.969173,0.194411,3.670619,0.600085,0.284285714285714,96
"842","06085",2020-07-13,6.181161,0.088753,4.374361,0.478543,0.287142857142857,244
"851","06111",2020-07-13,4.935746,6.419428,9.977612,0.491838,0.362857142857143,0
"854","06001",2020-07-12,7.035002,3.542854,9.866068,0.918592,0.321428571428571,0
"859","06013",2020-07-12,5.397195,3.480798,12.268385,0.947961,0.404285714285714,56
"861","06019",2020-07-12,10.003188,2.79428,14.819885,1.090965,0.768571428571429,0
"864","06029",2020-07-12,8.058395,17.228798,10.080861,1.744487,1.05285714285714,163
"866","06037",2020-07-12,8.16471,6.047119,8.900389,0.814816,0.527142857142857,3307
"874","06059",2020-07-12,10.139901,6.66751,7.718576,1.196299,0.674285714285714,814
"876","06065",2020-07-12,7.176847,6.556088,7.859199,0.961575,0.78,0
"877","06067",2020-07-12,3.008669,3.071577,3.405272,0.465688,0.46,150
"879","06071",2020-07-12,3.780699,5.371787,5.829659,0.979541,0.774285714285714,131
"880","06073",2020-07-12,5.651318,5.083941,4.172695,0.622341,0.458571428571429,558
"881","06075",2020-07-12,9.046239,1.63419,17.779921,0.369653,0.264285714285714,96
"882","06077",2020-07-12,7.605948,5.502822,7.559042,1.436002,0.427142857142857,0
"884","06081",2020-07-12,5.384067,0.216439,3.535549,0.567223,0.284285714285714,0
"886","06085",2020-07-12,5.26457,0.086834,4.253291,0.450008,0.287142857142857,315
"895","06111",2020-07-12,4.656999,7.09533,9.909637,0.447029,0.351428571428571,0
"898","06001",2020-07-11,5.329144,3.756129,10.112374,0.887352,0.315714285714286,240
"903","06013",2020-07-11,5.831851,3.842164,12.454869,0.916087,0.408571428571429,145
"905","06019",2020-07-11,10.077514,2.246156,15.495631,1.129477,0.741428571428571,376
"908","06029",2020-07-11,7.63674,15.739111,10.319776,1.883663,1.06571428571429,144
"910","06037",2020-07-11,6.363846,6.204505,9.442273,0.851522,0.53,2884
"918","06059",2020-07-11,7.305658,6.674237,7.817066,1.166873,0.684285714285714,1251
"920","06065",2020-07-11,4.947398,6.39183,8.204639,0.959857,0.801428571428571,0
"921","06067",2020-07-11,2.899613,3.239002,3.336496,0.470911,0.442857142857143,187
"923","06071",2020-07-11,3.593542,5.473819,5.96567,0.9598,0.795714285714286,637
"924","06073",2020-07-11,5.132022,5.082343,4.180718,0.613389,0.448571428571429,508
"925","06075",2020-07-11,8.651682,1.273714,17.189998,0.388951,0.252857142857143,110
"926","06077",2020-07-11,6.840275,3.390277,7.515174,1.380322,0.398571428571429,0
"928","06081",2020-07-11,5.095445,0.267918,3.496487,0.549858,0.27,103
"930","06085",2020-07-11,4.709608,0.086268,4.392301,0.446995,0.281428571428571,120
"939","06111",2020-07-11,4.892806,7.373058,10.333779,0.435498,0.342857142857143,0
"942","06001",2020-07-10,5.543735,3.988289,10.313787,0.913667,0.302857142857143,78
"947","06013",2020-07-10,6.654703,4.367559,11.850807,0.932786,0.408571428571429,103
"949","06019",2020-07-10,10.735592,2.024639,15.591186,1.143272,0.702857142857143,279
"952","06029",2020-07-10,7.867158,14.114455,10.458778,1.937898,1.07142857142857,216
"954","06037",2020-07-10,7.18851,6.296033,10.099182,0.910635,0.528571428571429,2620
"962","06059",2020-07-10,8.4052,6.845476,8.240467,1.190967,0.692857142857143,1133
"964","06065",2020-07-10,5.229874,6.149166,8.271146,0.958409,0.828571428571429,1431
"965","06067",2020-07-10,3.06955,3.366801,3.002961,0.467436,0.435714285714286,220
"967","06071",2020-07-10,3.769626,5.801099,6.115822,1.02776,0.814285714285714,861
"968","06073",2020-07-10,5.652805,4.895272,4.312867,0.54138,0.451428571428571,461
"969","06075",2020-07-10,8.523011,0.982201,17.133848,0.403779,0.252857142857143,171
"970","06077",2020-07-10,6.458352,2.159085,7.153563,1.411188,0.41,214
"972","06081",2020-07-10,5.163456,0.355718,3.306564,0.544818,0.235714285714286,59
"974","06085",2020-07-10,5.138469,0.086944,4.295983,0.520864,0.274285714285714,185
"983","06111",2020-07-10,5.47903,7.662396,11.677257,0.501473,0.347142857142857,153
"986","06001",2020-07-09,6.169611,4.140582,9.996229,0.920221,0.292857142857143,162
"991","06013",2020-07-09,7.411106,4.928087,11.556384,0.882162,0.407142857142857,116
"993","06019",2020-07-09,11.040391,2.008057,15.484221,1.182333,0.698571428571429,703
"996","06029",2020-07-09,9.13346,12.704698,10.680936,1.968905,1.08714285714286,220
"998","06037",2020-07-09,8.269983,6.404587,10.442844,0.9156,0.537142857142857,1734
"1006","06059",2020-07-09,10.061004,7.228275,8.758292,1.224413,0.692857142857143,1292
"1008","06065",2020-07-09,5.961685,5.813166,8.306943,0.904597,0.824285714285714,1377
"1009","06067",2020-07-09,3.205336,3.241259,2.726081,0.484609,0.434285714285714,156
"1011","06071",2020-07-09,4.187967,6.267349,5.872589,1.079795,0.798571428571429,828
"1012","06073",2020-07-09,6.442757,4.399084,4.591604,0.566649,0.444285714285714,560
"1013","06075",2020-07-09,8.512766,0.739617,17.630633,0.398793,0.255714285714286,74
"1014","06077",2020-07-09,6.199375,1.371642,7.089904,1.321956,0.421428571428571,248
"1016","06081",2020-07-09,5.768436,0.406555,3.057096,0.458589,0.212857142857143,44
"1018","06085",2020-07-09,5.429954,0.087394,4.386822,0.605417,0.277142857142857,126
"1026","06111",2020-07-09,5.638433,7.636712,11.490054,0.519909,0.331428571428571,235
"1029","06001",2020-07-08,6.838412,4.325314,9.318971,0.83716,0.28,358
"1034","06013",2020-07-08,8.285097,5.430277,10.961462,0.870342,0.402857142857143,149
"1036","06019",2020-07-08,11.575364,2.305445,14.894758,1.284949,0.67,0
"1039","06029",2020-07-08,9.582593,11.238282,10.574024,2.227987,1.07285714285714,216
"1041","06037",2020-07-08,9.396382,6.080375,10.796642,0.959267,0.531428571428571,2465
"1049","06059",2020-07-08,11.751517,7.395164,9.130811,1.365264,0.702857142857143,1333
"1051","06065",2020-07-08,6.822024,5.131708,7.626334,0.855588,0.822857142857143,856
"1052","06067",2020-07-08,3.442206,2.961089,2.56732,0.493736,0.425714285714286,210
"1054","06071",2020-07-08,4.537252,6.531564,5.712108,1.084302,0.8,654
"1055","06073",2020-07-08,7.19422,3.661931,4.61388,0.577032,0.422857142857143,264
"1056","06075",2020-07-08,9.114989,0.572273,17.593543,0.4133,0.24,51
"1057","06077",2020-07-08,6.132415,0.845126,7.020484,1.200583,0.43,217
"1059","06081",2020-07-08,6.412909,0.51596,3.037343,0.203699,0.217142857142857,51
"1061","06085",2020-07-08,5.830007,0.126877,4.584918,0.507608,0.257142857142857,74
"1069","06111",2020-07-08,5.823535,7.349665,11.842024,0.464603,0.317142857142857,0
"1072","06001",2020-07-07,7.703975,4.420864,8.875651,0.881735,0.264285714285714,0
"1077","06013",2020-07-07,9.39177,5.849464,10.581116,0.804551,0.381428571428571,214
"1079","06019",2020-07-07,11.699544,2.795449,14.978984,1.232774,0.661428571428571,325
"1082","06029",2020-07-07,9.898435,10.08481,10.161662,2.471155,1.03571428571429,174
"1085","06037",2020-07-07,10.425466,6.242487,10.867881,0.982577,0.522857142857143,3969
"1093","06059",2020-07-07,13.58986,7.073129,9.626349,1.445604,0.698571428571428,1010
"1095","06065",2020-07-07,7.528936,4.48524,7.039867,0.84175,0.824285714285714,546
"1096","06067",2020-07-07,3.752062,2.47507,2.677122,0.516673,0.411428571428571,171
"1098","06071",2020-07-07,5.080237,6.849222,5.768795,0.968403,0.792857142857143,587
"1099","06073",2020-07-07,8.083871,2.903043,4.626549,0.586158,0.414285714285714,578
"1100","06075",2020-07-07,9.437076,0.507665,17.687352,0.46551,0.231428571428571,28
"1101","06077",2020-07-07,6.517126,0.397975,7.013574,1.234973,0.424285714285714,1126
"1103","06081",2020-07-07,6.90169,0.690616,3.028921,0.201633,0.19,93
"1105","06085",2020-07-07,6.245141,0.265694,4.167288,0.448836,0.235714285714286,70
"1113","06111",2020-07-07,6.483992,6.669116,12.46391,0.529932,0.285714285714286,69
"1116","06001",2020-07-06,8.312493,4.437993,8.454058,0.881859,0.26,32
"1121","06013",2020-07-06,10.11959,6.008738,11.151589,0.788126,0.365714285714286,216
"1123","06019",2020-07-06,10.992967,3.287794,14.796461,1.145824,0.618571428571429,489
"1126","06029",2020-07-06,9.022246,8.612154,9.662475,2.513038,0.995714285714286,239
"1128","06037",2020-07-06,11.752074,5.657616,11.309815,0.995263,0.518571428571429,8903
"1136","06059",2020-07-06,15.899402,6.71534,10.391891,1.570337,0.698571428571429,1028
"1138","06065",2020-07-06,8.572373,4.128396,7.161739,0.923205,0.83,1105
"1139","06067",2020-07-06,4.127533,2.123978,2.791571,0.506783,0.407142857142857,836
"1141","06071",2020-07-06,5.386638,7.184948,5.885445,0.927751,0.822857142857143,423
"1142","06073",2020-07-06,9.009793,1.942434,4.59071,0.622781,0.408571428571429,274
"1143","06075",2020-07-06,9.263603,0.508164,18.896451,0.492229,0.23,216
"1144","06077",2020-07-06,7.140861,0.513205,7.221396,1.2302,0.408571428571429,0
"1146","06081",2020-07-06,7.37935,0.946399,3.337562,0.118518,0.212857142857143,63
"1148","06085",2020-07-06,6.505481,0.470144,4.368172,0.389164,0.227142857142857,135
"1156","06111",2020-07-06,6.325406,5.75012,12.476814,0.51735,0.26,549
"1159","06001",2020-07-05,7.429416,4.191711,8.223368,0.815649,0.245714285714286,299
"1164","06013",2020-07-05,8.454255,5.870272,10.859786,0.715723,0.315714285714286,98
"1166","06019",2020-07-05,10.040516,4.026648,14.40166,1.008278,0.581428571428571,0
"1169","06029",2020-07-05,8.144179,7.77283,9.62882,2.498329,0.984285714285714,0
"1171","06037",2020-07-05,10.56218,5.429779,10.975902,0.966456,0.501428571428571,0
"1179","06059",2020-07-05,13.493781,6.344616,9.924516,1.473275,0.697142857142857,663
"1181","06065",2020-07-05,8.082326,3.987878,7.462217,0.896611,0.817142857142857,0
"1182","06067",2020-07-05,3.589481,1.721668,2.688151,0.483712,0.388571428571429,0
"1184","06071",2020-07-05,5.044244,7.068064,5.95579,0.887486,0.812857142857143,1246
"1185","06073",2020-07-05,8.12625,1.675415,4.434116,0.575925,0.392857142857143,1030
"1186","06075",2020-07-05,7.338614,0.559247,18.376956,0.501118,0.238571428571429,0
"1187","06077",2020-07-05,7.093005,0.732702,6.864854,1.118103,0.39,0
"1189","06081",2020-07-05,6.649005,1.336644,3.469831,0.125925,0.188571428571429,0
"1191","06085",2020-07-05,5.055565,0.656428,4.247676,0.358546,0.211428571428571,196
"1199","06111",2020-07-05,5.570768,4.975687,11.70315,0.472131,0.25,0
"1202","06001",2020-07-04,6.363754,3.775578,8.73478,0.831073,0.242857142857143,84
"1207","06013",2020-07-04,6.64537,5.522085,10.822151,0.664164,0.28,132
"1209","06019",2020-07-04,9.370862,4.388152,14.690946,0.952712,0.587142857142857,259
"1212","06029",2020-07-04,7.323345,7.09146,9.616452,2.460758,0.962857142857143,30
"1215","06037",2020-07-04,8.972892,5.548945,11.057371,0.967839,0.49,0
"1223","06059",2020-07-04,10.296606,6.025759,9.777107,1.380841,0.691428571428571,413
"1225","06065",2020-07-04,6.938852,3.989778,7.974695,0.873964,0.798571428571429,0
"1226","06067",2020-07-04,3.07131,1.332879,2.735642,0.445633,0.388571428571429,0
"1228","06071",2020-07-04,4.669865,6.712173,6.147782,0.857727,0.791428571428571,0
"1229","06073",2020-07-04,6.855551,1.49401,4.351003,0.539017,0.394285714285714,0
"1230","06075",2020-07-04,7.244185,0.594265,18.650627,0.490104,0.245714285714286,0
"1231","06077",2020-07-04,6.896794,0.989802,6.632104,1.037595,0.395714285714286,0
"1233","06081",2020-07-04,6.305459,1.751655,3.605814,0.131023,0.184285714285714,95
"1235","06085",2020-07-04,4.446348,0.851998,4.312935,0.345873,0.198571428571429,228
"1243","06111",2020-07-04,4.969247,3.943208,11.699741,0.399025,0.262857142857143,0
"1247","06001",2020-07-03,5.167833,3.133112,8.432888,0.663733,0.245714285714286,88
"1252","06013",2020-07-03,4.764417,5.023413,9.379504,0.543068,0.281428571428571,106
"1254","06019",2020-07-03,8.630794,4.685979,13.771308,0.864497,0.584285714285714,225
"1257","06029",2020-07-03,6.497229,6.550779,9.082669,2.023279,0.915714285714286,161
"1260","06037",2020-07-03,7.667538,5.664347,10.379301,0.945854,0.484285714285714,0
"1268","06059",2020-07-03,8.533832,5.900717,8.864767,1.227394,0.69,713
"1270","06065",2020-07-03,5.351439,4.087435,7.647285,0.73623,0.791428571428572,730
"1271","06067",2020-07-03,2.934172,0.902703,2.52206,0.435693,0.364285714285714,0
"1273","06071",2020-07-03,4.092334,6.412017,5.896551,0.802951,0.788571428571428,524
"1274","06073",2020-07-03,5.683796,1.342142,3.882088,0.484561,0.395714285714286,489
"1275","06075",2020-07-03,7.228472,0.628583,17.332671,0.428306,0.221428571428571,57
"1276","06077",2020-07-03,6.720659,1.327146,5.476596,0.918824,0.377142857142857,176
"1278","06081",2020-07-03,6.129983,2.220269,3.55355,0.139355,0.205714285714286,65
"1280","06085",2020-07-03,4.023626,1.040176,4.140457,0.359638,0.207142857142857,99
"1289","06111",2020-07-03,4.336091,3.123002,10.604659,0.2538,0.26,0
"1293","06001",2020-07-02,5.556097,2.293935,8.182786,0.589732,0.244285714285714,228
"1298","06013",2020-07-02,4.730724,4.545868,8.589911,0.552071,0.27,78
"1300","06019",2020-07-02,8.421242,4.867163,12.555034,0.798321,0.551428571428571,337
"1303","06029",2020-07-02,6.405985,6.245639,9.058269,2.049044,0.888571428571428,171
"1306","06037",2020-07-02,8.240231,5.605667,9.730384,0.890982,0.462857142857143,2160
"1314","06059",2020-07-02,9.791585,5.478974,8.666505,1.303868,0.692857142857143,652
"1316","06065",2020-07-02,5.817781,4.223886,7.250983,0.747758,0.761428571428571,679
"1317","06067",2020-07-02,2.956346,0.701915,2.315505,0.436264,0.34,162
"1319","06071",2020-07-02,4.202955,5.831988,5.619691,0.816929,0.782857142857143,406
"1320","06073",2020-07-02,6.045607,1.242208,3.575346,0.476142,0.392857142857143,584
"1321","06075",2020-07-02,7.643445,0.578167,17.470718,0.367368,0.237142857142857,71
"1322","06077",2020-07-02,7.43805,1.751233,4.197923,0.869352,0.374285714285714,384
"1324","06081",2020-07-02,6.368896,2.744564,3.811213,0.14815,0.208571428571429,144
"1326","06085",2020-07-02,4.050465,1.208972,4.149575,0.322143,0.198571428571429,178
"1335","06111",2020-07-02,4.605846,2.376006,9.860215,0.263165,0.24,144
"1339","06001",2020-07-01,5.536352,1.657235,7.436756,0.39863,0.257142857142857,192
"1344","06013",2020-07-01,4.694934,4.066092,7.547046,0.621957,0.28,116
"1346","06019",2020-07-01,9.000633,4.74447,11.647772,0.772344,0.527142857142857,281
"1349","06029",2020-07-01,5.831341,6.009324,8.409484,1.953824,0.858571428571429,113
"1352","06037",2020-07-01,8.840916,5.202999,9.384528,0.847984,0.445714285714286,1978
"1360","06059",2020-07-01,11.072294,5.246885,8.467289,1.253105,0.682857142857143,570
"1362","06065",2020-07-01,6.405712,4.519685,7.184213,0.768667,0.76,745
"1363","06067",2020-07-01,2.909695,0.589382,2.178719,0.401808,0.328571428571429,174
"1365","06071",2020-07-01,4.504733,4.99124,5.356619,0.772386,0.774285714285714,196
"1366","06073",2020-07-01,6.309795,1.29886,3.31875,0.454558,0.392857142857143,474
"1367","06075",2020-07-01,7.974465,0.517244,16.806829,0.378113,0.24,45
"1368","06077",2020-07-01,8.091615,2.282347,3.734001,0.816196,0.351428571428571,58
"1370","06081",2020-07-01,6.799492,3.357261,5.11459,0.206082,0.198571428571429,0
"1372","06085",2020-07-01,4.09731,1.328865,4.410001,0.288323,0.204285714285714,202
"1381","06111",2020-07-01,4.213538,2.022142,9.216798,0.300289,0.221428571428571,356
"1385","06001",2020-06-30,5.953301,1.092492,7.632475,0.357896,0.254285714285714,202
"1390","06013",2020-06-30,5.092511,3.895022,7.728936,0.635324,0.272857142857143,161
"1392","06019",2020-06-30,9.236662,4.438864,11.595572,0.840361,0.487142857142857,197
"1395","06029",2020-06-30,6.388703,5.582727,7.695843,2.005165,0.85,107
"1398","06037",2020-06-30,9.508446,4.846618,8.76757,0.77668,0.44,2757
"1406","06059",2020-06-30,12.16743,5.492334,7.913608,1.162983,0.671428571428571,779
"1408","06065",2020-06-30,7.270224,4.664178,6.860083,0.796144,0.748571428571429,662
"1409","06067",2020-06-30,3.051333,0.462196,2.083819,0.342557,0.312857142857143,219
"1411","06071",2020-06-30,4.698569,4.052636,5.067854,0.723075,0.765714285714286,753
"1412","06073",2020-06-30,6.821398,1.36071,3.239479,0.443607,0.388571428571429,317
"1413","06075",2020-06-30,7.922076,0.435444,16.314424,0.341842,0.23,42
"1418","06085",2020-06-30,4.303291,1.406196,4.561807,0.280448,0.207142857142857,105
"1427","06111",2020-06-30,4.353862,1.680308,8.769424,0.318208,0.212857142857143,0
"1431","06001",2020-06-29,6.230093,0.935544,7.859794,0.394213,0.251428571428571,92
"1436","06013",2020-06-29,4.998001,3.774922,7.009907,0.596276,0.27,169
"1438","06019",2020-06-29,9.565008,3.674528,11.35355,0.779113,0.485714285714286,333
"1441","06029",2020-06-29,6.646255,5.490622,6.862678,1.791184,0.795714285714286,208
"1444","06037",2020-06-29,10.245699,4.716434,8.673747,0.740514,0.43,2878
"1452","06059",2020-06-29,13.268208,5.460209,7.977252,1.166115,0.65,456
"1454","06065",2020-06-29,7.548095,4.673258,6.767425,0.817084,0.734285714285714,991
"1455","06067",2020-06-29,3.019923,0.308056,1.965478,0.316015,0.294285714285714,338
"1457","06071",2020-06-29,4.944538,3.964625,5.162944,0.756903,0.725714285714286,296
"1458","06073",2020-06-29,7.092206,1.390881,3.170283,0.425178,0.372857142857143,498
"1459","06075",2020-06-29,7.813194,0.350805,16.632118,0.329207,0.21,49
"1464","06085",2020-06-29,4.038857,1.455236,4.771073,0.324583,0.208571428571429,103
"1473","06111",2020-06-29,3.35758,1.590771,8.241144,0.273896,0.222857142857143,404
"1477","06001",2020-06-28,3.79443,1.131642,7.681899,0.365312,0.244285714285714,177
"1482","06013",2020-06-28,3.656776,3.756726,6.59298,0.548052,0.282857142857143,114
"1484","06019",2020-06-28,8.157592,3.097699,11.144944,0.729256,0.462857142857143,4
"1487","06029",2020-06-28,6.109413,5.535637,6.715423,1.688795,0.767142857142857,0
"1490","06037",2020-06-28,7.522731,4.428818,8.322195,0.721646,0.424285714285714,2523
"1498","06059",2020-06-28,9.493775,5.381826,7.419512,1.058096,0.624285714285714,146
"1500","06065",2020-06-28,5.885043,4.101988,6.779386,0.795701,0.712857142857143,0
"1501","06067",2020-06-28,2.464165,0.181294,1.818552,0.272491,0.262857142857143,0
"1503","06071",2020-06-28,2.977086,4.168176,5.158227,0.721713,0.701428571428571,211
"1504","06073",2020-06-28,5.076364,1.543682,3.020969,0.381343,0.365714285714286,497
"1505","06075",2020-06-28,6.983158,0.246617,15.484234,0.293599,0.207142857142857,44
"1510","06085",2020-06-28,3.306407,1.514738,4.605442,0.263197,0.211428571428571,178
"1519","06111",2020-06-28,3.278019,1.569685,7.783246,0.241222,0.234285714285714,0
"1523","06001",2020-06-27,3.491746,1.384673,7.802952,0.299003,0.234285714285714,0
"1528","06013",2020-06-27,3.355721,3.747765,6.456906,0.48622,0.291428571428571,12
"1530","06019",2020-06-27,7.013324,2.768884,11.327943,0.741969,0.45,100
"1533","06029",2020-06-27,5.820794,5.388621,6.452982,1.632824,0.695714285714286,40
"1536","06037",2020-06-27,5.683457,3.875644,8.426803,0.743833,0.414285714285714,2139
"1544","06059",2020-06-27,6.326827,5.041417,7.03571,0.983186,0.592857142857143,502
"1546","06065",2020-06-27,3.702755,3.864573,6.488651,0.792948,0.67,0
"1547","06067",2020-06-27,2.028597,0.090149,1.753413,0.288457,0.234285714285714,0
"1549","06071",2020-06-27,2.617304,4.120447,5.026338,0.704077,0.672857142857143,0
"1550","06073",2020-06-27,3.546103,1.67566,2.845704,0.359581,0.354285714285714,436
"1551","06075",2020-06-27,6.459296,0.130229,14.819148,0.25898,0.181428571428571,68
"1556","06085",2020-06-27,2.88231,1.586393,4.595187,0.260337,0.207142857142857,0
"1565","06111",2020-06-27,3.152948,1.559036,7.7326,0.249762,0.204285714285714,0
"1569","06001",2020-06-26,3.485636,1.617359,7.309746,0.297157,0.22,111
"1576","06019",2020-06-26,5.72534,2.5376,10.582402,0.80841,0.377142857142857,321
"1579","06029",2020-06-26,6.087118,5.268476,6.398567,1.473718,0.654285714285714,118
"1582","06037",2020-06-26,5.626043,3.531703,8.279072,0.763883,0.392857142857143,1765
"1590","06059",2020-06-26,6.604233,5.085993,6.678965,0.971101,0.57,449
"1592","06065",2020-06-26,3.598262,3.653796,5.691754,0.810683,0.624285714285714,501
"1593","06067",2020-06-26,1.755643,0.091176,1.56658,0.255572,0.231428571428571,154
"1595","06071",2020-06-26,2.499221,4.143111,4.760898,0.661376,0.617142857142857,521
"1596","06073",2020-06-26,3.519039,1.717309,2.655934,0.321681,0.324285714285714,440
"1597","06075",2020-06-26,6.252343,0.123636,15.095809,0.279457,0.212857142857143,103
"1602","06085",2020-06-26,2.908775,1.606406,4.326928,0.257978,0.195714285714286,96
"1611","06111",2020-06-26,3.324957,1.810889,7.257203,0.201464,0.212857142857143,49
"1615","06001",2020-06-25,3.622802,1.965075,7.232202,0.268322,0.21,107
"1622","06019",2020-06-25,5.262376,2.289757,9.955294,0.746395,0.392857142857143,161
"1625","06029",2020-06-25,6.179916,5.126547,6.06623,1.455417,0.592857142857143,74
"1628","06037",2020-06-25,5.640601,3.311579,8.175128,0.767557,0.375714285714286,1977
"1636","06059",2020-06-25,7.144895,4.97983,6.348403,0.939045,0.53,495
"1638","06065",2020-06-25,3.516427,3.267558,4.820333,0.794315,0.602857142857143,237
"1639","06067",2020-06-25,1.320875,0.090915,1.396793,0.248425,0.214285714285714,72
"1641","06071",2020-06-25,2.508999,3.899557,4.338415,0.609511,0.572857142857143,362
"1642","06073",2020-06-25,3.376719,1.636396,2.477235,0.327851,0.304285714285714,335
"1643","06075",2020-06-25,6.401059,0.125703,14.309253,0.240734,0.195714285714286,48
"1648","06085",2020-06-25,2.837317,1.629299,4.461079,0.232332,0.187142857142857,56
"1656","06111",2020-06-25,3.306751,1.335741,6.651559,0.16618,0.21,27
"1660","06001",2020-06-24,4.034518,2.212144,6.4222591,0.2873816,0.182857142857143,135
"1667","06019",2020-06-24,4.753649,2.003572,7.4300903,1.2415251,0.374285714285714,220
"1670","06029",2020-06-24,6.347406,4.819068,9.2368637,0.7802504,0.535714285714286,59
"1673","06037",2020-06-24,5.86246,3.274184,8.5728495,0.7116346,0.36,1228
"1681","06059",2020-06-24,7.702076,4.912639,7.6121817,1.0818783,0.482857142857143,279
"1683","06065",2020-06-24,3.784487,3.154847,3.3958085,0.798514,0.54,474
"1684","06067",2020-06-24,1.292908,0.093555,1.3601811,0.1967403,0.182857142857143,66
"1686","06071",2020-06-24,2.66374,3.563057,3.9867684,1.0952342,0.532857142857143,397
"1687","06073",2020-06-24,3.355204,1.373029,3.1047909,0.4529031,0.287142857142857,530
"1688","06075",2020-06-24,6.243419,0.12999,17.125275,0.176697,0.201428571428571,30
"1693","06085",2020-06-24,2.819081,1.499661,5.2081236,0.5261234,0.182857142857143,105
"1702","06111",2020-06-24,2.6794,1.552077,5.5574373,0.3588217,0.224285714285714,99
"1706","06001",2020-06-22,4.410412,2.388112,6.0095202,0.3732244,0.172857142857143,202
"1713","06019",2020-06-22,4.278473,1.51187,5.9799859,1.0304527,0.348571428571429,240
"1716","06029",2020-06-22,4.926369,2.475668,8.2082518,0.7321135,0.477142857142857,75
"1718","06037",2020-06-22,6.833125,2.955909,7.5151257,0.6536963,0.318571428571429,2545
"1726","06059",2020-06-22,9.305415,3.439997,6.6186074,0.9299751,0.402857142857143,173
"1728","06065",2020-06-22,4.595845,3.392916,2.9947954,0.6306679,0.457142857142857,1022
"1729","06067",2020-06-22,1.305276,0.093089,1.2371312,0.1544272,0.135714285714286,267
"1731","06071",2020-06-22,2.879523,2.42459,2.9953983,0.725265,0.438571428571429,205
"1732","06073",2020-06-22,3.602902,0.818332,2.7539537,0.4383375,0.261428571428571,302
"1738","06085",2020-06-22,3.410211,1.176518,4.0338531,0.3900913,0.164285714285714,59
"1749","06001",2020-06-23,4.077427,2.381205,6.1169942,0.3053096,0.182857142857143,133
"1756","06019",2020-06-23,4.541857,1.802842,6.7128702,1.1652594,0.364285714285714,187
"1759","06029",2020-06-23,5.106691,2.962075,8.6682207,0.7194048,0.495714285714286,84
"1762","06037",2020-06-23,6.388191,3.181082,8.0975276,0.6738039,0.341428571428571,2320
"1770","06059",2020-06-23,8.360627,4.292074,7.1874189,1.0128924,0.44,142
"1772","06065",2020-06-23,4.243382,3.255877,3.2356901,0.7206207,0.501428571428571,631
"1773","06067",2020-06-23,1.378363,0.093611,1.2416503,0.174859,0.157142857142857,131
"1775","06071",2020-06-23,2.859637,2.842935,3.5161487,0.9233437,0.477142857142857,649
"1776","06073",2020-06-23,3.478704,1.078123,2.8396271,0.4444117,0.268571428571429,0
"1777","06075",2020-06-23,6.086435,0.135308,16.0544246,0.1772842,0.208571428571429,34
"1782","06085",2020-06-23,3.088694,1.337543,4.8176913,0.4907176,0.178571428571429,121
"1795","06001",2020-06-21,3.496093,2.383837,6.212915,0.4279566,0.165714285714286,0
"1802","06019",2020-06-21,3.734815,1.39702,5.8538672,1.001696,0.347142857142857,0
"1805","06029",2020-06-21,4.31571,1.719841,7.8454221,0.7638355,0.402857142857143,97
"1807","06037",2020-06-21,5.031059,3.111737,7.2876672,0.6686425,0.3,1761
"1815","06059",2020-06-21,7.192018,3.018543,6.6117482,0.9260252,0.362857142857143,434
"1817","06065",2020-06-21,3.852972,3.60951,2.8043395,0.5610172,0.43,0
"1818","06067",2020-06-21,1.196292,0.093057,1.2002597,0.1992892,0.144285714285714,0
"1820","06071",2020-06-21,1.777396,2.125384,2.7892135,0.6628352,0.398571428571429,197
"1821","06073",2020-06-21,2.730111,0.833703,2.7143524,0.4343687,0.254285714285714,310
"1827","06085",2020-06-21,2.631145,0.96087,4.0127786,0.4014175,0.161428571428571,89
"1838","06001",2020-06-17,4.216813,1.377729,5.3802502,0.2990298,0.172857142857143,52
"1843","06013",2020-06-17,2.480885,2.66257,3.2406913,0.2751159,0.132857142857143,45
"1851","06037",2020-06-17,5.133644,3.115729,6.0209459,0.5604317,0.271428571428571,2105
"1860","06059",2020-06-17,4.471398,2.397388,4.6382119,0.4973047,0.277142857142857,198
"1862","06065",2020-06-17,2.878164,4.11132,2.7823261,0.4132516,0.334285714285714,257
"1863","06067",2020-06-17,1.383307,0.098132,0.9876978,0.1535121,0.157142857142857,67
"1865","06071",2020-06-17,1.932312,1.07387,2.4774125,0.5458429,0.305714285714286,218
"1866","06073",2020-06-17,1.901907,0.58118,2.1852009,0.3146696,0.225714285714286,124
"1872","06085",2020-06-17,2.549735,0.16352,3.6760186,0.4844373,0.172857142857143,34
"1884","06001",2020-06-18,4.062238,1.67237,6.244243,0.4207537,0.171428571428571,105
"1889","06013",2020-06-18,2.370684,3.030214,3.5209034,0.2855995,0.148571428571429,40
"1891","06019",2020-06-18,3.625087,0.75483,5.2781567,0.8962814,0.227142857142857,158
"1897","06037",2020-06-18,4.753261,3.120415,6.3434151,0.6293601,0.28,1038
"1905","06059",2020-06-18,4.070662,2.600469,4.7527564,0.5061149,0.291428571428571,95
"1907","06065",2020-06-18,2.719646,4.077467,2.8852934,0.4596639,0.347142857142857,516
"1908","06067",2020-06-18,1.249575,0.097711,1.0542415,0.1799335,0.132857142857143,48
"1910","06071",2020-06-18,1.73657,1.240861,2.7650696,0.5701633,0.325714285714286,440
"1911","06073",2020-06-18,1.914642,0.796826,2.3279736,0.3382428,0.231428571428571,238
"1917","06085",2020-06-18,2.397849,0.254515,3.7817069,0.4578093,0.177142857142857,75
"1929","06001",2020-06-19,3.63054,1.942369,6.1571691,0.389613,0.178571428571429,64
"1934","06013",2020-06-19,2.18843,3.191781,3.5037288,0.2766515,0.155714285714286,37
"1936","06019",2020-06-19,3.400834,1.074259,6.0447508,1.0178157,0.287142857142857,129
"1942","06037",2020-06-19,4.432606,3.219876,6.7464802,0.6624321,0.292857142857143,1382
"1950","06059",2020-06-19,3.649139,2.735352,5.1921101,0.6113308,0.314285714285714,284
"1952","06065",2020-06-19,3.021411,3.962001,2.9563382,0.5286532,0.381428571428572,311
"1953","06067",2020-06-19,1.276356,0.095698,1.1170841,0.1881559,0.125714285714286,36
"1955","06071",2020-06-19,1.728705,1.489136,2.8389891,0.6162826,0.347142857142857,260
"1956","06073",2020-06-19,1.878308,0.880733,2.5898948,0.3501991,0.24,258
"1962","06085",2020-06-19,2.483455,0.37676,3.8434559,0.3970039,0.168571428571429,35
"1974","06001",2020-06-20,3.501503,2.243972,5.6909249,0.4010325,0.177142857142857,103
"1981","06019",2020-06-20,3.333759,1.257248,6.0876267,1.0412804,0.287142857142857,58
"1984","06029",2020-06-20,3.918453,1.647943,7.1512187,0.6396794,0.385714285714286,87
"1987","06037",2020-06-20,4.288069,3.134409,6.6546099,0.6207884,0.305714285714286,2027
"1995","06059",2020-06-20,3.56843,2.823008,5.967227,0.7264035,0.357142857142857,412
"1997","06065",2020-06-20,2.885558,3.881989,3.0218907,0.553062,0.408571428571429,0
"1998","06067",2020-06-20,1.183323,0.096494,1.1075076,0.2143517,0.138571428571429,0
"2000","06071",2020-06-20,1.688122,1.828265,3.0100858,0.6481486,0.371428571428571,245
"2001","06073",2020-06-20,2.05177,0.942567,2.7340111,0.3980219,0.248571428571429,134
"2007","06085",2020-06-20,2.294529,0.665293,3.6794956,0.3593432,0.164285714285714,60
"2019","06001",2020-06-15,4.433475,0.847577,5.130167,0.2985808,0.158571428571429,53
"2031","06037",2020-06-15,6.25073,3.247935,5.6203568,0.5264033,0.254285714285714,773
"2039","06059",2020-06-15,5.604836,2.036726,4.0162867,0.4670164,0.251428571428571,186
"2041","06065",2020-06-15,3.244087,4.486401,2.5883156,0.3392437,0.3,177
"2042","06067",2020-06-15,1.532539,0.098252,0.769852,0.118384,0.161428571428571,41
"2044","06071",2020-06-15,1.988721,1.335061,2.2597424,0.4420084,0.29,156
"2045","06073",2020-06-15,1.951506,0.37453,1.7411277,0.3033091,0.205714285714286,170
"2046","06075",2020-06-15,4.656467,2.182604,14.263073,0.0689133,0.158571428571429,24
"2051","06085",2020-06-15,3.06551,0.095278,3.0872844,0.3877568,0.174285714285714,33
"2063","06001",2020-06-16,4.381182,1.102795,5.1583711,0.2938236,0.162857142857143,108
"2068","06013",2020-06-16,2.456362,2.246097,2.954304,0.2616292,0.112857142857143,43
"2076","06037",2020-06-16,5.60066,3.606506,5.8134666,0.5595666,0.258571428571429,1293
"2084","06059",2020-06-16,5.12601,2.153311,4.4457938,0.4788791,0.258571428571429,240
"2086","06065",2020-06-16,3.020634,4.405475,2.6780619,0.3685398,0.311428571428571,409
"2087","06067",2020-06-16,1.382753,0.097208,0.8708334,0.1268691,0.164285714285714,31
"2089","06071",2020-06-16,1.960284,1.153947,2.3203921,0.5044561,0.294285714285714,281
"2090","06073",2020-06-16,1.768192,0.480962,2.0155903,0.3010373,0.215714285714286,120
"2096","06085",2020-06-16,2.958403,0.096074,3.6237109,0.515254,0.165714285714286,24
"2108","06001",2020-06-14,2.339742,0.730906,5.3393597,0.3789297,0.15,50
"2120","06037",2020-06-14,4.838777,3.096353,5.6552632,0.5774437,0.248571428571429,995
"2128","06059",2020-06-14,4.23617,1.854801,4.0290832,0.4990767,0.237142857142857,304
"2130","06065",2020-06-14,2.220109,4.435451,2.4635741,0.3451575,0.284285714285714,382
"2131","06067",2020-06-14,1.401288,0.098682,0.7747479,0.1344652,0.144285714285714,37
"2133","06071",2020-06-14,1.185041,1.597214,2.2294506,0.4109648,0.267142857142857,198
"2134","06073",2020-06-14,1.728816,0.426718,1.7516573,0.3054727,0.19,126
"2135","06075",2020-06-14,4.522972,2.787059,14.9428533,0.1703344,0.148571428571429,22
"2140","06085",2020-06-14,2.393594,0.090461,3.0698672,0.4267142,0.174285714285714,40
"2152","06001",2020-06-11,2.314024,0.879963,4.7137709,0.2254877,0.135714285714286,86
"2165","06037",2020-06-11,4.376423,4.199773,4.8427891,0.4984396,0.207142857142857,1811
"2174","06059",2020-06-11,3.940183,2.007998,3.5426784,0.4095515,0.192857142857143,250
"2176","06065",2020-06-11,2.561147,4.076413,2.3157831,0.3378997,0.277142857142857,329
"2179","06071",2020-06-11,1.569668,1.916303,2.3874052,0.4090247,0.24,149
"2180","06073",2020-06-11,1.874484,0.678505,1.9762077,0.2809864,0.161428571428571,161
"2181","06075",2020-06-11,4.907596,4.133908,14.3645992,0.1156815,0.15,31
"2186","06085",2020-06-11,2.018202,0.086749,3.317154,0.4541255,0.144285714285714,31
"2198","06001",2020-06-12,2.141137,0.744354,4.8468268,0.212239,0.13,97
"2211","06037",2020-06-12,3.847699,3.978076,5.2807979,0.5127487,0.21,1601
"2220","06059",2020-06-12,3.581136,1.732806,3.5563128,0.4111124,0.2,166
"2222","06065",2020-06-12,2.201051,4.204573,2.4360554,0.3121921,0.268571428571429,250
"2225","06071",2020-06-12,1.392311,1.919113,2.5180316,0.4128705,0.24,234
"2226","06073",2020-06-12,1.774501,0.593304,1.9926548,0.2837555,0.172857142857143,132
"2227","06075",2020-06-12,4.812377,3.758004,14.7723156,0.1252279,0.148571428571429,37
"2232","06085",2020-06-12,1.925596,0.086304,3.363876,0.4238585,0.161428571428571,54
"2244","06001",2020-06-13,2.098478,0.749456,4.7044523,0.221948,0.137142857142857,54
"2257","06037",2020-06-13,3.661208,3.499811,5.1040555,0.4987208,0.214285714285714,1547
"2265","06059",2020-06-13,3.3544,1.710803,3.6773726,0.4674989,0.202857142857143,116
"2267","06065",2020-06-13,2.145734,4.391336,2.4754619,0.3109555,0.267142857142857,236
"2268","06067",2020-06-13,1.258491,0.0988,0.7262952,0.0992833,0.145714285714286,12
"2270","06071",2020-06-13,1.249191,1.797079,2.319929,0.3613411,0.242857142857143,185
"2271","06073",2020-06-13,1.627353,0.51804,1.9009257,0.280617,0.172857142857143,184
"2272","06075",2020-06-13,4.552668,3.341368,14.5865637,0.1468636,0.151428571428571,29
"2277","06085",2020-06-13,1.983948,0.088028,3.0528718,0.4535384,0.167142857142857,40
"2290","06001",2020-06-10,2.567117,1.013521,4.2062849,0.2224899,0.134285714285714,48
"2303","06037",2020-06-10,4.696436,4.22437,4.6912137,0.4845898,0.205714285714286,1242
"2311","06059",2020-06-10,4.360969,1.728173,3.502939,0.4233082,0.182857142857143,123
"2313","06065",2020-06-10,2.849267,4.236609,2.093828,0.3019833,0.271428571428571,321
"2316","06071",2020-06-10,1.866458,1.945086,2.0929878,0.3742482,0.235714285714286,176
"2317","06073",2020-06-10,1.929266,0.736732,1.8341768,0.2738228,0.154285714285714,108
"2318","06075",2020-06-10,4.621226,4.416522,13.6176608,0.136822,0.152857142857143,16
"2323","06085",2020-06-10,2.243758,0.08791,3.3324457,0.4407275,0.144285714285714,15
"2335","06001",2020-06-09,2.88895,1.094606,3.8519581,0.205222,0.134285714285714,40
"2348","06037",2020-06-09,5.004658,4.279802,4.5848499,0.4662078,0.208571428571429,1178
"2356","06059",2020-06-09,4.894509,1.54032,3.4362032,0.4074445,0.182857142857143,87
"2358","06065",2020-06-09,3.019284,4.26921,1.9528133,0.315554,0.265714285714286,384
"2361","06071",2020-06-09,1.965805,1.939939,1.9196623,0.3359605,0.237142857142857,170
"2362","06073",2020-06-09,2.103352,0.766386,1.745559,0.265269,0.157142857142857,110
"2363","06075",2020-06-09,4.4011,4.641787,13.3127791,0.1593012,0.151428571428571,14
"2368","06085",2020-06-09,2.52357,0.088109,3.1668593,0.4138765,0.151428571428571,44
"2381","06001",2020-06-08,2.985936,1.107602,3.4020964,0.1774731,0.127142857142857,71
"2394","06037",2020-06-08,5.567987,4.187777,4.3770635,0.4559987,0.204285714285714,800
"2402","06059",2020-06-08,5.518388,1.552793,3.5909045,0.4331277,0.178571428571429,87
"2404","06065",2020-06-08,3.298817,4.465567,1.9278681,0.3203432,0.258571428571429,18
"2407","06071",2020-06-08,2.158335,1.94275,1.7635805,0.3382572,0.218571428571429,134
"2408","06073",2020-06-08,2.358644,0.833501,1.626459,0.2840341,0.161428571428571,143
"2409","06075",2020-06-08,3.983499,4.815397,12.5961519,0.1205375,0.157142857142857,32
"2414","06085",2020-06-08,2.720226,0.088219,2.8070909,0.4067286,0.152857142857143,31
"2427","06001",2020-06-07,1.695865,1.064755,3.1155253,0.212692,0.134285714285714,69
"2440","06037",2020-06-07,4.038768,4.276795,4.2741693,0.4916278,0.197142857142857,1506
"2448","06059",2020-06-07,4.180776,1.505343,3.6342675,0.4598831,0.18,119
"2450","06065",2020-06-07,2.356066,4.283475,2.0307072,0.3323891,0.242857142857143,184
"2453","06071",2020-06-07,1.720671,2.073916,1.6229757,0.3479309,0.221428571428571,73
"2454","06073",2020-06-07,2.104226,0.898383,1.7835038,0.3082777,0.16,131
"2455","06075",2020-06-07,3.41236,4.838224,12.5535175,0.1700525,0.157142857142857,35
"2460","06085",2020-06-07,1.800511,0.087401,2.9382983,0.4396313,0.15,22
"2473","06001",2020-06-06,1.400568,0.953239,2.7162394,0.1957606,0.131428571428571,80
"2486","06037",2020-06-06,3.218179,4.361303,3.846525,0.4877122,0.192857142857143,1293
"2494","06059",2020-06-06,3.208684,1.36632,3.2323715,0.4094965,0.171428571428571,257
"2496","06065",2020-06-06,1.389593,3.790513,1.9144142,0.2534891,0.234285714285714,227
"2499","06071",2020-06-06,1.700834,1.984079,1.7140614,0.3194483,0.217142857142857,110
"2500","06073",2020-06-06,2.195982,1.02106,1.8920952,0.3116142,0.16,165
"2501","06075",2020-06-06,2.996962,4.705729,10.985969,0.1531208,0.142857142857143,14
"2506","06085",2020-06-06,1.143053,0.090109,2.5778731,0.5294546,0.15,28
"2519","06001",2020-06-05,1.336386,0.832626,2.8293339,0.2104368,0.137142857142857,84
"2524","06013",2020-06-05,2.045036,2.239918,2.3478323,0.2856549,0.132857142857143,30
"2532","06037",2020-06-05,3.267875,4.535105,3.9056308,0.4981456,0.185714285714286,1395
"2540","06059",2020-06-05,3.505236,1.408825,3.2268522,0.4141139,0.165714285714286,281
"2542","06065",2020-06-05,1.474151,3.360926,2.0500051,0.2800794,0.22,474
"2543","06067",2020-06-05,0.528859,0.087271,0.8973594,0.1099184,0.105714285714286,29
"2545","06071",2020-06-05,1.740781,1.921211,1.8902562,0.317233,0.211428571428571,137
"2546","06073",2020-06-05,2.510777,1.29856,2.0536458,0.3221259,0.16,240
"2547","06075",2020-06-05,2.727513,4.587392,10.7773072,0.1506029,0.155714285714286,54
"2552","06085",2020-06-05,1.303881,0.089315,2.5260749,0.4683723,0.15,42
"2565","06001",2020-06-04,1.579362,0.760999,2.5688269,0.1533497,0.137142857142857,93
"2578","06037",2020-06-04,3.430036,4.258115,3.7098478,0.4832544,0.185714285714286,1416
"2587","06059",2020-06-04,3.774489,1.607299,3.130708,0.3951643,0.168571428571429,105
"2589","06065",2020-06-04,1.502009,2.950312,2.0971214,0.2673696,0.207142857142857,0
"2590","06067",2020-06-04,0.510721,0.087877,0.5308624,0.0753194,0.104285714285714,27
"2592","06071",2020-06-04,1.910371,1.801431,1.9067515,0.3141383,0.198571428571429,143
"2593","06073",2020-06-04,2.807138,1.488992,2.2061532,0.3364818,0.167142857142857,142
"2594","06075",2020-06-04,2.92339,4.306748,10.0209741,0.1282713,0.154285714285714,31
"2599","06085",2020-06-04,1.501106,0.089438,2.5292522,0.501016,0.15,18
"2614","06001",2020-06-03,1.738707,0.652093,2.5117041,0.162906,0.131428571428571,33
"2628","06037",2020-06-03,3.684912,4.092617,3.4735424,0.4269467,0.185714285714286,1116
"2637","06059",2020-06-03,4.46219,1.750957,2.9527631,0.3976847,0.171428571428571,104
"2639","06065",2020-06-03,1.586714,2.769335,2.2034222,0.273317,0.198571428571429,148
"2640","06067",2020-06-03,0.501711,0.089888,0.4698056,0.0650502,0.111428571428571,24
"2642","06071",2020-06-03,2.13667,1.559005,1.8667965,0.293475,0.19,149
"2643","06073",2020-06-03,3.29243,1.648482,2.1787987,0.2795251,0.17,124
"2644","06075",2020-06-03,3.171675,3.983736,9.7758396,0.1118666,0.145714285714286,26
"2647","06081",2020-06-03,1.924144,0.793573,2.6518704,0.3034185,0.14,24
"2649","06085",2020-06-03,1.770259,0.089893,2.3733299,0.5025462,0.141428571428571,13
"2664","06001",2020-06-02,2.027676,0.596178,2.450357,0.1446674,0.131428571428571,45
"2677","06037",2020-06-02,4.14485,3.896456,3.4245561,0.4319055,0.18,1150
"2686","06059",2020-06-02,5.105787,1.762837,2.9654843,0.4120027,0.164285714285714,100
"2688","06065",2020-06-02,1.709371,3.000233,2.1264599,0.2667094,0.182857142857143,173
"2689","06067",2020-06-02,0.635551,0.088716,0.4704115,0.0754146,0.0928571428571428,10
"2691","06071",2020-06-02,2.393855,1.294596,1.9076657,0.2588292,0.175714285714286,146
"2692","06073",2020-06-02,3.78267,1.769487,2.2148415,0.2820991,0.162857142857143,120
"2693","06075",2020-06-02,3.618394,3.50123,10.0061922,0.1242229,0.125714285714286,17
"2696","06081",2020-06-02,1.913347,1.033361,2.4990486,0.3245786,0.128571428571429,23
"2698","06085",2020-06-02,2.146644,0.092715,2.2370016,0.4825295,0.131428571428571,14
"2712","06001",2020-06-01,2.12703,0.529582,2.6372788,0.1293502,0.145714285714286,80
"2725","06037",2020-06-01,4.658681,3.266319,3.395135,0.4227592,0.177142857142857,972
"2733","06059",2020-06-01,5.851436,1.728005,2.7837591,0.4242547,0.157142857142857,213
"2735","06065",2020-06-01,1.916078,3.454062,2.0274602,0.2666808,0.17,196
"2736","06067",2020-06-01,0.812955,0.089433,0.4452949,0.0530233,0.09,29
"2738","06071",2020-06-01,2.762463,1.165252,1.8980979,0.2364797,0.182857142857143,109
"2739","06073",2020-06-01,4.246289,1.784148,2.3326259,0.2859547,0.152857142857143,73
"2740","06075",2020-06-01,4.421705,2.928415,10.5595288,0.0817217,0.121428571428571,12
"2743","06081",2020-06-01,2.033075,1.294708,2.5591226,0.3966437,0.12,61
"2745","06085",2020-06-01,2.633563,0.098138,1.7887741,0.2774358,0.124285714285714,29
"2759","06001",2020-05-26,4.196247,1.287218,3.6624582,0.1797283,0.15,112
"2774","06037",2020-05-26,4.107553,2.853589,3.8140588,0.4111877,0.182857142857143,1804
"2783","06059",2020-05-26,5.247411,0.621046,2.7106498,0.4715145,0.164285714285714,109
"2786","06065",2020-05-26,3.062583,4.411197,1.4727739,0.3182232,0.157142857142857,135
"2787","06067",2020-05-26,1.772814,1.421541,0.3623678,0.0343817,0.107142857142857,8
"2789","06071",2020-05-26,1.666936,0.64245,1.3493432,0.2100039,0.185714285714286,202
"2790","06073",2020-05-26,3.601065,1.946213,2.9695891,0.3537296,0.157142857142857,85
"2796","06085",2020-05-26,4.311722,1.499257,2.2069623,0.3427973,0.121428571428571,23
"2811","06001",2020-05-27,3.666499,1.201156,3.7305603,0.1475447,0.15,63
"2825","06037",2020-05-27,3.932356,2.674961,3.7817737,0.3910236,0.181428571428571,878
"2834","06059",2020-05-27,4.642168,1.043364,2.6451188,0.4356673,0.157142857142857,68
"2837","06065",2020-05-27,2.60946,4.529862,1.6847849,0.3028534,0.151428571428571,113
"2838","06067",2020-05-27,1.590001,1.107511,0.3927897,0.0605182,0.0942857142857143,9
"2840","06071",2020-05-27,1.711827,0.783993,1.7852811,0.2524493,0.182857142857143,210
"2841","06073",2020-05-27,3.27022,2.237073,3.1569637,0.3505275,0.152857142857143,101
"2847","06085",2020-05-27,3.806006,1.302129,2.3567389,0.3347624,0.114285714285714,13
"2861","06001",2020-05-28,3.124265,1.129635,3.9263109,0.1602412,0.14,48
"2875","06037",2020-05-28,3.633024,2.59002,3.7490158,0.404687,0.182857142857143,1074
"2884","06059",2020-05-28,4.039111,1.398842,2.5908511,0.3953865,0.157142857142857,98
"2887","06065",2020-05-28,2.390124,4.308224,1.9021789,0.2938359,0.152857142857143,89
"2888","06067",2020-05-28,1.329889,0.806535,0.4153649,0.0544956,0.0842857142857143,30
"2890","06071",2020-05-28,1.534244,0.948504,2.0705703,0.2425538,0.18,137
"2891","06073",2020-05-28,2.980381,2.492458,3.0815821,0.3495344,0.158571428571429,117
"2895","06081",2020-05-28,1.788614,1.809687,2.7189674,0.1469487,0.135714285714286,98
"2897","06085",2020-05-28,3.298179,1.003623,2.209045,0.3645938,0.112857142857143,13
"2912","06001",2020-05-29,2.607558,0.878507,4.0359372,0.1732868,0.147142857142857,98
"2926","06037",2020-05-29,3.279577,2.488806,3.712913,0.3986858,0.184285714285714,1788
"2935","06059",2020-05-29,3.369397,1.443891,2.6505046,0.3969845,0.161428571428571,179
"2937","06065",2020-05-29,1.990376,4.309667,2.1462268,0.2815339,0.162857142857143,145
"2938","06067",2020-05-29,1.355309,0.535009,0.4467545,0.0747432,0.0828571428571429,24
"2940","06071",2020-05-29,1.366327,1.098684,2.3036701,0.3002205,0.18,120
"2941","06073",2020-05-29,2.820039,2.478887,2.9568977,0.3409547,0.157142857142857,0
"2945","06081",2020-05-29,1.473183,1.714531,2.8602943,0.2651238,0.137142857142857,0
"2947","06085",2020-05-29,2.678721,0.708783,2.0800044,0.3758191,0.115714285714286,6
"2961","06001",2020-05-30,2.234823,0.746911,3.424438,0.1623369,0.151428571428571,94
"2975","06037",2020-05-30,3.075582,2.443525,3.493535,0.4095307,0.181428571428571,2089
"2983","06059",2020-05-30,3.209367,1.401462,2.6806299,0.4063661,0.168571428571429,177
"2985","06065",2020-05-30,1.770446,4.085173,2.1979443,0.28253,0.17,125
"2986","06067",2020-05-30,1.102723,0.287075,0.4716016,0.0788535,0.0842857142857143,27
"2988","06071",2020-05-30,1.529842,1.088867,2.2240623,0.2595809,0.187142857142857,166
"2989","06073",2020-05-30,2.640577,2.349448,2.8263687,0.3039811,0.157142857142857,285
"2993","06081",2020-05-30,1.457343,1.621993,2.8958895,0.4226974,0.14,43
"2995","06085",2020-05-30,2.133613,0.447894,1.8179533,0.3495835,0.124285714285714,24
"3009","06001",2020-05-31,1.997732,0.650126,3.1221207,0.172814,0.151428571428571,101
"3022","06037",2020-05-31,3.678526,2.688248,3.5313755,0.4469505,0.177142857142857,1345
"3030","06059",2020-05-31,5.25496,1.530788,2.8989618,0.4880135,0.155714285714286,161
"3032","06065",2020-05-31,1.645858,3.820153,1.9587827,0.2780621,0.174285714285714,175
"3033","06067",2020-05-31,0.924142,0.110686,0.4818727,0.088047,0.0828571428571429,0
"3035","06071",2020-05-31,1.8265,1.154615,1.8751692,0.2405914,0.182857142857143,46
"3036","06073",2020-05-31,3.094841,2.082833,2.6275554,0.2785923,0.151428571428571,96
"3040","06081",2020-05-31,1.708136,1.523653,2.7443192,0.529605,0.132857142857143,0
"3042","06085",2020-05-31,2.34254,0.251808,1.8703396,0.3220396,0.125714285714286,45
"3056","06001",2020-05-25,4.12124,1.408558,3.6744294,0.1982191,0.147142857142857,27
"3071","06037",2020-05-25,4.23719,2.712753,3.7508951,0.4076692,0.188571428571429,1030
"3080","06059",2020-05-25,5.402354,0.45189,2.8465781,0.5031202,0.165714285714286,133
"3083","06065",2020-05-25,3.157634,4.436096,1.2907922,0.3039495,0.161428571428571,540
"3084","06067",2020-05-25,0.877021,1.687774,0.3537409,0.0476136,0.105714285714286,9
"3086","06071",2020-05-25,1.264336,0.596295,1.1928371,0.2140034,0.171428571428571,0
"3087","06073",2020-05-25,3.250398,1.567435,2.7232585,0.3411317,0.168571428571429,96
"3093","06085",2020-05-25,4.283185,1.493547,2.0565025,0.2192359,0.134285714285714,35
"3108","06001",2020-05-24,3.31996,1.405524,4.2925551,0.2034535,0.188571428571429,80
"3123","06037",2020-05-24,2.83967,2.664887,3.7706241,0.3958009,0.217142857142857,933
"3132","06059",2020-05-24,3.733625,0.307562,2.7727987,0.4285076,0.194285714285714,179
"3135","06065",2020-05-24,2.310211,4.561695,1.4183132,0.2560647,0.181428571428571,0
"3136","06067",2020-05-24,0.415235,1.845679,0.4064998,0.0653804,0.132857142857143,4
"3138","06071",2020-05-24,0.734705,0.450503,1.4145702,0.253109,0.182857142857143,50
"3139","06073",2020-05-24,2.659419,1.339963,2.9772591,0.3248684,0.211428571428571,142
"3145","06085",2020-05-24,1.905427,1.455305,1.7264258,0.1645004,0.191428571428571,46
"3160","06001",2020-05-23,2.082272,1.154318,4.1419286,0.1675138,0.195714285714286,59
"3175","06037",2020-05-23,2.435802,2.288985,3.5157683,0.3919045,0.217142857142857,1003
"3184","06059",2020-05-23,2.09692,0.290032,2.5877161,0.4247066,0.184285714285714,216
"3187","06065",2020-05-23,2.407766,4.439935,1.5981162,0.2733195,0.185714285714286,0
"3188","06067",2020-05-23,0.43528,1.844581,0.4358747,0.0488092,0.132857142857143,17
"3190","06071",2020-05-23,0.804948,0.272253,1.5493423,0.2726796,0.174285714285714,169
"3191","06073",2020-05-23,1.840636,1.122346,3.0643439,0.3038702,0.207142857142857,125
"3192","06075",2020-05-23,3.652101,0.196563,11.4638614,0.075012,0.194285714285714,30
"3197","06085",2020-05-23,1.557876,1.247816,1.6618935,0.180626,0.192857142857143,25
"3212","06001",2020-05-22,2.369338,1.044403,4.2356847,0.1306572,0.204285714285714,99
"3228","06037",2020-05-22,2.55768,1.974365,3.7607743,0.3968624,0.22,1015
"3237","06059",2020-05-22,2.336026,0.32691,2.4321843,0.3986878,0.195714285714286,100
"3240","06065",2020-05-22,2.796323,4.532351,1.765886,0.2800312,0.184285714285714,121
"3241","06067",2020-05-22,0.481091,1.688965,0.4399592,0.0390736,0.135714285714286,6
"3243","06071",2020-05-22,0.984571,0.180281,1.7999806,0.3058418,0.168571428571429,162
"3244","06073",2020-05-22,1.923945,1.108326,2.871103,0.2893401,0.208571428571429,119
"3245","06075",2020-05-22,4.019168,0.099061,11.4867072,0.0295971,0.2,122
"3250","06085",2020-05-22,2.049065,1.064196,1.5972972,0.2026371,0.191428571428571,54
"3265","06001",2020-05-20,3.103861,0.854752,3.7808786,0.1049838,0.208571428571429,38
"3281","06037",2020-05-20,3.000234,1.673135,3.5787151,0.4195806,0.221428571428571,1284
"3290","06059",2020-05-20,3.079446,0.53664,2.3125164,0.3384511,0.197142857142857,242
"3293","06065",2020-05-20,3.528679,3.519162,1.976384,0.3148522,0.191428571428571,131
"3294","06067",2020-05-20,0.462482,0.956085,0.5071278,0.0323717,0.117142857142857,5
"3296","06071",2020-05-20,1.116452,0.091248,1.7287586,0.3135399,0.167142857142857,88
"3297","06073",2020-05-20,2.575125,1.394522,2.8288732,0.2833781,0.215714285714286,114
"3298","06075",2020-05-20,5.281357,0.090017,10.2644355,0.031569,0.2,6
"3303","06085",2020-05-20,3.032568,0.854459,1.2935975,0.180907,0.21,9
"3318","06001",2020-05-21,2.725609,0.936797,3.8525742,0.1130075,0.208571428571429,49
"3334","06037",2020-05-21,2.762902,1.768348,3.5748891,0.4053074,0.22,1180
"3343","06059",2020-05-21,2.582586,0.395894,2.2798541,0.3879454,0.194285714285714,99
"3346","06065",2020-05-21,3.29096,4.181038,1.8485971,0.2999582,0.194285714285714,159
"3347","06067",2020-05-21,0.485583,1.303827,0.4650634,0.0269344,0.132857142857143,11
"3349","06071",2020-05-21,0.992977,0.092286,1.7973273,0.3127868,0.167142857142857,189
"3350","06073",2020-05-21,2.224426,1.095173,2.7670388,0.2761516,0.21,175
"3351","06075",2020-05-21,4.449737,0.089021,10.9644402,0.0305977,0.202857142857143,13
"3356","06085",2020-05-21,2.448898,0.949295,1.4141725,0.214993,0.204285714285714,0
"3371","06001",2020-05-19,3.511285,0.907866,3.3447694,0.0829571,0.221428571428571,65
"3387","06037",2020-05-19,3.297886,1.848834,3.4618398,0.4124748,0.22,1122
"3396","06059",2020-05-19,3.412963,0.567305,2.461026,0.3293231,0.195714285714286,66
"3399","06065",2020-05-19,3.835472,3.00095,1.9437162,0.3237741,0.191428571428571,101
"3400","06067",2020-05-19,0.438423,0.613876,0.5630591,0.0393662,0.108571428571429,5
"3402","06071",2020-05-19,1.235908,0.088978,1.6341674,0.2587477,0.165714285714286,114
"3403","06073",2020-05-19,2.872371,1.652991,2.8320495,0.2836562,0.217142857142857,80
"3404","06075",2020-05-19,5.663699,0.090155,10.035591,0.0360168,0.197142857142857,48
"3409","06085",2020-05-19,3.674421,0.905041,1.2928792,0.1828282,0.207142857142857,13
"3424","06001",2020-05-18,3.796439,1.288232,3.0719136,0.0562576,0.215714285714286,65
"3438","06037",2020-05-18,3.773011,2.217083,3.3966353,0.3965253,0.215714285714286,477
"3447","06059",2020-05-18,3.94902,0.610258,2.5130867,0.3236693,0.198571428571429,58
"3450","06065",2020-05-18,4.467172,2.485412,1.7393053,0.286262,0.19,334
"3451","06067",2020-05-18,0.484944,0.346865,0.5826511,0.0479037,0.108571428571429,8
"3453","06071",2020-05-18,1.495424,0.089795,1.5560677,0.2680021,0.164285714285714,82
"3454","06073",2020-05-18,3.462756,1.49532,2.9010806,0.2756948,0.214285714285714,110
"3455","06075",2020-05-18,5.825044,0.090452,9.6000468,0.0417548,0.18,77
"3460","06085",2020-05-18,4.279679,0.816155,1.2764439,0.1587929,0.2,17
"3475","06001",2020-05-17,2.617626,1.732656,3.0798738,0.1330822,0.178571428571429,41
"3489","06037",2020-05-17,2.983262,2.742433,3.3911328,0.4017386,0.188571428571429,671
"3498","06059",2020-05-17,3.136345,0.731504,2.5339523,0.3437883,0.17,154
"3501","06065",2020-05-17,3.54593,2.332906,1.7700676,0.289617,0.168571428571429,0
"3504","06071",2020-05-17,1.24167,0.16857,1.5112089,0.2444602,0.15,48
"3505","06073",2020-05-17,3.434631,1.57233,3.1297343,0.2852163,0.18,174
"3506","06075",2020-05-17,4.831545,0.092243,9.1768377,0.0779449,0.141428571428571,0
"3511","06085",2020-05-17,3.201025,0.770324,1.3231733,0.2004989,0.142857142857143,35
"3526","06001",2020-05-16,1.884064,2.158201,3.625529,0.0880625,0.175714285714286,51
"3531","06013",2020-05-16,3.643966,0.284577,15.6857398,0.2090081,0.0914285714285714,21
"3540","06037",2020-05-16,2.55364,3.608718,2.9557108,0.3147649,0.185714285714286,1044
"3549","06059",2020-05-16,2.627418,0.862025,2.4609902,0.2901074,0.168571428571429,97
"3552","06065",2020-05-16,2.184496,2.489972,1.9876942,0.2335167,0.175714285714286,0
"3555","06071",2020-05-16,1.087589,0.423507,1.6154506,0.2416756,0.157142857142857,152
"3556","06073",2020-05-16,3.622087,1.704394,3.2996147,0.3283543,0.181428571428571,139
"3557","06075",2020-05-16,5.218553,0.090826,9.6277895,0.0935836,0.144285714285714,28
"3562","06085",2020-05-16,2.734203,0.72014,1.4095828,0.2446138,0.134285714285714,15
"3577","06001",2020-05-15,2.061885,2.578123,3.9219057,0.0772829,0.158571428571429,66
"3582","06013",2020-05-15,4.094986,0.141364,16.620977,0.1711437,0.108571428571429,11
"3591","06037",2020-05-15,2.829197,4.30133,3.0083552,0.3232832,0.184285714285714,930
"3600","06059",2020-05-15,2.708848,0.985391,2.4987613,0.2776683,0.161428571428571,157
"3603","06065",2020-05-15,2.526835,3.022433,2.1173053,0.2363728,0.182857142857143,178
"3606","06071",2020-05-15,0.9674,0.626164,1.7843502,0.276458,0.165714285714286,113
"3607","06073",2020-05-15,4.381108,1.396182,3.0871399,0.3477811,0.19,132
"3608","06075",2020-05-15,5.830071,0.08968,9.7891575,0.0651735,0.135714285714286,27
"3613","06085",2020-05-15,2.81964,0.692569,1.6640275,0.2382115,0.141428571428571,12
"3628","06001",2020-05-13,2.457929,2.877678,3.655171,0.0864522,0.162857142857143,45
"3633","06013",2020-05-13,5.169637,0.092638,16.6844123,0.1970528,0.114285714285714,14
"3641","06037",2020-05-13,3.68151,4.879794,2.806941,0.3194642,0.18,1248
"3650","06059",2020-05-13,3.769575,1.1005,2.4730859,0.2761317,0.164285714285714,147
"3652","06065",2020-05-13,2.894254,4.87125,1.8132618,0.2166284,0.191428571428571,95
"3655","06071",2020-05-13,1.35099,1.743047,1.5701662,0.2921567,0.158571428571429,75
"3656","06073",2020-05-13,5.485038,0.338211,2.6920787,0.3194145,0.198571428571429,117
"3657","06075",2020-05-13,6.904796,0.089775,9.6295262,0.0911613,0.141428571428571,17
"3662","06085",2020-05-13,3.726868,0.318668,1.6614801,0.2651033,0.138571428571429,17
"3677","06001",2020-05-14,2.155116,2.858862,3.8648076,0.0703972,0.16,56
"3682","06013",2020-05-14,4.735753,0.09051,16.7220288,0.16744,0.107142857142857,9
"3691","06037",2020-05-14,3.203366,4.238945,2.8994487,0.3120479,0.182857142857143,901
"3700","06059",2020-05-14,3.248758,1.039839,2.4883524,0.2675519,0.164285714285714,219
"3703","06065",2020-05-14,2.941275,3.964507,1.9941262,0.2326524,0.178571428571429,97
"3706","06071",2020-05-14,1.178448,0.980803,1.6287728,0.2725561,0.161428571428571,45
"3707","06073",2020-05-14,4.805331,1.051737,2.9089433,0.3083332,0.194285714285714,113
"3708","06075",2020-05-14,6.261921,0.091491,10.0137241,0.0571246,0.145714285714286,5
"3713","06085",2020-05-14,3.276194,0.570047,1.6225212,0.2360556,0.141428571428571,10
"3728","06001",2020-05-12,2.99386,2.648887,3.3228189,0.0762194,0.16,32
"3741","06037",2020-05-12,4.094966,5.242127,2.7335117,0.3183238,0.18,922
"3750","06059",2020-05-12,4.099625,0.82018,2.5668558,0.272142,0.165714285714286,45
"3752","06065",2020-05-12,3.176493,5.583123,1.7517171,0.2137586,0.187142857142857,59
"3755","06071",2020-05-12,1.309525,2.377158,1.5031769,0.290077,0.162857142857143,63
"3756","06073",2020-05-12,5.965916,0.244757,2.4988495,0.3051318,0.201428571428571,96
"3757","06075",2020-05-12,8.141453,0.088848,8.9232349,0.1377178,0.147142857142857,23
"3762","06085",2020-05-12,4.339637,0.087804,1.7370672,0.2820206,0.134285714285714,23
"3777","06001",2020-05-11,3.302733,2.163353,3.1339169,0.0958184,0.167142857142857,37
"3790","06037",2020-05-11,4.518234,5.320296,2.5685839,0.33042,0.184285714285714,581
"3798","06059",2020-05-11,4.809649,0.580613,2.5887613,0.2714756,0.16,55
"3800","06065",2020-05-11,3.451297,6.191668,1.6014177,0.1932756,0.192857142857143,150
"3803","06071",2020-05-11,1.05751,3.092551,1.4003401,0.252841,0.171428571428571,51
"3804","06073",2020-05-11,6.535751,0.300716,2.2543576,0.3174267,0.204285714285714,139
"3805","06075",2020-05-11,9.067155,0.088335,8.4632853,0.1433293,0.165714285714286,11
"3810","06085",2020-05-11,4.867204,0.085813,1.6892964,0.288748,0.135714285714286,2
"3823","06001",2020-05-10,2.889572,1.610188,3.1634833,0.1931101,0.162857142857143,41
"3836","06037",2020-05-10,3.886172,5.71274,2.6261285,0.3559558,0.182857142857143,480
"3844","06059",2020-05-10,4.443156,0.683705,2.5250472,0.3154387,0.157142857142857,122
"3846","06065",2020-05-10,2.508772,6.912635,1.4101842,0.2100534,0.178571428571429,47
"3847","06067",2020-05-10,0.801471,0.168708,0.3359729,0.1000419,0.128571428571429,2
"3849","06071",2020-05-10,1.114122,3.67761,1.2862107,0.2451349,0.162857142857143,62
"3850","06073",2020-05-10,5.315205,0.614796,2.244926,0.2933124,0.205714285714286,150
"3851","06075",2020-05-10,7.733812,0.218937,7.8283583,0.2370888,0.15,52
"3856","06085",2020-05-10,5.017011,0.08658,1.7100541,0.3684757,0.134285714285714,32
"3869","06001",2020-05-09,2.985983,1.169233,3.2033409,0.1521542,0.158571428571429,62
"3883","06037",2020-05-09,3.653299,5.587655,2.6798101,0.3486092,0.19,901
"3892","06059",2020-05-09,3.196555,0.735721,2.5581723,0.297874,0.162857142857143,140
"3894","06065",2020-05-09,2.555857,6.946691,1.5762684,0.2600019,0.168571428571429,175
"3895","06067",2020-05-09,0.988582,0.273029,0.3100603,0.0851623,0.138571428571429,5
"3897","06071",2020-05-09,1.216163,4.168264,1.4729844,0.2651828,0.16,273
"3898","06073",2020-05-09,3.664348,1.063511,2.0399719,0.2497986,0.215714285714286,114
"3899","06075",2020-05-09,7.114417,0.618274,8.1638433,0.3357124,0.171428571428571,38
"3904","06085",2020-05-09,4.466273,0.08931,1.8314903,0.3140976,0.15,17
"3918","06001",2020-05-08,3.227879,0.832159,3.0644676,0.155294,0.171428571428571,44
"3932","06037",2020-05-08,4.042143,4.976017,2.8839654,0.3597869,0.188571428571429,869
"3941","06059",2020-05-08,3.55572,0.776126,2.5289163,0.2659188,0.162857142857143,148
"3943","06065",2020-05-08,2.894345,6.709702,1.6658968,0.2780435,0.161428571428571,61
"3944","06067",2020-05-08,1.230245,0.402209,0.3779099,0.0937085,0.135714285714286,7
"3946","06071",2020-05-08,1.339285,4.65104,1.670471,0.2966554,0.158571428571429,67
"3947","06073",2020-05-08,1.937746,1.541417,1.8704697,0.2827294,0.21,233
"3948","06075",2020-05-08,6.718998,1.132839,8.7987838,0.377199,0.187142857142857,47
"3953","06085",2020-05-08,4.857864,0.087682,2.1168809,0.3276684,0.148571428571429,9
"3968","06001",2020-05-07,3.517992,0.671938,2.855112,0.1378757,0.174285714285714,54
"3981","06037",2020-05-07,4.601456,4.659756,2.9642482,0.3579364,0.19,783
"3989","06059",2020-05-07,4.240308,0.759657,2.3920274,0.2612338,0.162857142857143,88
"3991","06065",2020-05-07,2.889001,6.564955,1.5768328,0.2745387,0.158571428571429,84
"3992","06067",2020-05-07,1.42631,0.50695,0.3686281,0.0796431,0.127142857142857,11
"3994","06071",2020-05-07,1.228165,4.600884,1.5693909,0.3005664,0.17,130
"3995","06073",2020-05-07,1.786806,2.057001,1.6831814,0.2693147,0.205714285714286,110
"3996","06075",2020-05-07,7.293452,1.788329,8.6223861,0.4441866,0.194285714285714,52
"4001","06085",2020-05-07,5.514629,0.088058,2.0345579,0.3265682,0.154285714285714,13
"4015","06001",2020-05-06,3.778427,0.849586,2.7162776,0.0984689,0.175714285714286,54
"4028","06037",2020-05-06,5.409703,4.578685,2.8989445,0.3322719,0.191428571428571,829
"4037","06059",2020-05-06,5.020469,0.801941,2.3100764,0.2574498,0.164285714285714,131
"4039","06065",2020-05-06,3.273894,6.395731,1.3031112,0.2661351,0.151428571428571,218
"4040","06067",2020-05-06,1.184747,0.649592,0.3626012,0.0944154,0.12,9
"4042","06071",2020-05-06,1.474589,4.336838,1.4135245,0.2974704,0.167142857142857,103
"4043","06073",2020-05-06,1.883974,2.300198,1.4687872,0.2449351,0.207142857142857,159
"4044","06075",2020-05-06,7.192749,2.35223,8.374426,0.4486078,0.2,26
"4049","06085",2020-05-06,5.670753,0.087461,2.0094463,0.358177,0.164285714285714,13
"4063","06001",2020-05-05,3.777873,1.279439,2.5290134,0.1246377,0.172857142857143,33
"4076","06037",2020-05-05,6.084421,4.81399,2.8904316,0.3319104,0.195714285714286,1598
"4085","06059",2020-05-05,5.584476,0.817503,2.3081233,0.2424894,0.164285714285714,54
"4087","06065",2020-05-05,3.522158,6.97267,1.1920129,0.2464011,0.155714285714286,100
"4088","06067",2020-05-05,1.261629,0.763184,0.3537332,0.0803432,0.122857142857143,6
"4090","06071",2020-05-05,1.708208,3.96104,1.3240656,0.3016632,0.161428571428571,147
"4091","06073",2020-05-05,2.286664,2.336492,1.2571337,0.2458266,0.205714285714286,140
"4092","06075",2020-05-05,6.524262,2.973414,7.8715015,0.4804681,0.208571428571429,104
"4097","06085",2020-05-05,6.196825,0.087892,1.8686969,0.3500612,0.168571428571429,11
"4111","06001",2020-05-04,3.73398,1.869905,2.1059634,0.1513808,0.177142857142857,27
"4116","06019",2020-05-04,4.707805,0.277514,1.3572296,0.203916,0.104285714285714,39
"4121","06037",2020-05-04,7.08034,4.535523,2.8261339,0.3308886,0.2,555
"4129","06059",2020-05-04,6.147303,0.856259,2.2122222,0.2409344,0.167142857142857,76
"4131","06065",2020-05-04,3.863855,7.587893,1.0650099,0.2397911,0.154285714285714,174
"4132","06067",2020-05-04,1.434167,0.81317,0.3132023,0.0531324,0.131428571428571,10
"4134","06071",2020-05-04,1.848618,3.241035,1.1429922,0.2684245,0.162857142857143,0
"4135","06073",2020-05-04,2.677165,2.061045,1.1879886,0.2208338,0.208571428571429,93
"4136","06075",2020-05-04,6.106851,3.546927,6.6557202,0.4984256,0.211428571428571,22
"4141","06085",2020-05-04,6.261757,0.088627,1.8467418,0.2846825,0.168571428571429,13
"4152","06001",2020-05-03,2.947938,2.362805,1.9106731,0.2270075,0.192857142857143,44
"4157","06019",2020-05-03,4.566139,0.321797,1.0536518,0.1935276,0.127142857142857,0
"4162","06037",2020-05-03,5.822741,4.432792,2.9441784,0.3412148,0.208571428571429,768
"4170","06059",2020-05-03,5.587237,0.845094,2.1791979,0.2676003,0.171428571428571,107
"4172","06065",2020-05-03,4.326741,7.582567,1.1463689,0.2913868,0.164285714285714,16
"4173","06067",2020-05-03,1.265183,0.912528,0.3803244,0.1022002,0.13,10
"4175","06071",2020-05-03,1.805725,2.983715,1.0947653,0.2743292,0.17,0
"4176","06073",2020-05-03,2.501398,2.021774,1.1726305,0.2294898,0.22,85
"4177","06075",2020-05-03,5.533198,3.740792,5.37921,0.4885646,0.24,59
"4180","06081",2020-05-03,2.60065,2.82727,1.4303884,0.4402625,0.204285714285714,0
"4182","06085",2020-05-03,5.560151,0.309403,1.7222363,0.2849144,0.178571428571429,27
"4193","06001",2020-05-02,2.722984,2.87973,2.0934991,0.1858424,0.212857142857143,69
"4200","06019",2020-05-02,4.399981,0.410662,1.1337397,0.1861143,0.132857142857143,18
"4205","06037",2020-05-02,5.397878,4.023646,2.7680922,0.3227549,0.211428571428571,679
"4213","06059",2020-05-02,4.780629,0.858049,1.9316075,0.2452684,0.174285714285714,99
"4215","06065",2020-05-02,4.476388,7.20155,1.2231364,0.3074626,0.168571428571429,85
"4216","06067",2020-05-02,1.092893,0.959065,0.3929289,0.0889363,0.132857142857143,17
"4218","06071",2020-05-02,1.853895,2.223104,1.1923501,0.2570389,0.171428571428571,69
"4219","06073",2020-05-02,2.150379,2.00183,1.2427077,0.2178032,0.245714285714286,131
"4220","06075",2020-05-02,4.786738,3.853318,5.3484323,0.5077843,0.24,20
"4223","06081",2020-05-02,2.66327,3.116171,1.8616596,0.62696,0.184285714285714,36
"4225","06085",2020-05-02,5.150526,0.803476,1.9262017,0.212187,0.177142857142857,25
"4237","06001",2020-05-01,2.712027,3.26062,2.0899372,0.1879091,0.22,33
"4249","06037",2020-05-01,5.787655,3.589725,2.6413273,0.3364832,0.217142857142857,1033
"4257","06059",2020-05-01,4.816581,0.700736,1.8006815,0.2345494,0.174285714285714,144
"4259","06065",2020-05-01,4.543835,6.576518,1.114871,0.314223,0.177142857142857,48
"4260","06067",2020-05-01,0.998058,1.081333,0.4260873,0.0905008,0.131428571428571,13
"4262","06071",2020-05-01,1.929612,1.421876,1.3282558,0.2853445,0.187142857142857,55
"4263","06073",2020-05-01,2.254155,2.242062,1.291448,0.2259909,0.254285714285714,147
"4264","06075",2020-05-01,4.411127,3.784836,5.1655567,0.4271772,0.248571428571429,24
"4267","06081",2020-05-01,2.967105,3.865193,2.2837769,0.7712735,0.174285714285714,20
"4269","06085",2020-05-01,5.00382,1.386494,2.1486047,0.1843942,0.181428571428571,16
